Date,City,Temperature (F),Humidity,Wind Speed (mph),Weather Condition
2022-01-01,Los Angeles,39.79063770345759,49.419744722451,0.3963578424159209,Sunny
2022-01-01,New York,73.04476338761725,43.45498324587371,4.031570397678049,Cloudy
2022-01-01,Houston,60.10487375070651,45.30335710676839,3.8445509193705143,Windy
2022-01-02,Los Angeles,77.91191377730601,78.4543253310872,7.671405271357567,Foggy
2022-01-02,New York,81.2459229666392,35.97382671441576,1.763942149544077,Sunny
2022-01-02,Houston,82.27772360340386,89.12461534341206,6.921869614551222,Snowy
2022-01-03,Los Angeles,47.58617608316589,67.24581549013939,0.35011409556435025,Foggy
2022-01-03,New York,48.12314510162928,97.59288207594157,8.261425654248313,Rainy
2022-01-03,Houston,89.0275362913873,98.96679227889189,6.2256023833398855,Foggy
2022-01-04,Los Angeles,67.60285116295725,34.814560104171626,3.937414778101888,Cloudy
2022-01-04,New York,20.51784190231024,96.46256428608142,2.474681982152073,Cloudy
2022-01-04,Houston,57.91714328148993,23.723078910334692,1.718721880276264,Windy
2022-01-05,Los Angeles,42.836588030427464,22.229097929848454,5.458543554030041,Windy
2022-01-05,New York,93.98223416702542,95.50916618628415,3.823656235541633,Rainy
2022-01-05,Houston,15.106087923445699,96.99173899599947,6.92539316634415,Cloudy
2022-01-06,Los Angeles,63.586650718715205,31.779813813759176,8.451651147485686,Sunny
2022-01-06,New York,72.6134706463075,55.39326523111985,2.755639452331939,Snowy
2022-01-06,Houston,37.40144847994577,59.527402239054595,6.057438522836866,Snowy
2022-01-07,Los Angeles,92.8649629787791,88.82249892146436,3.940009672046402,Rainy
2022-01-07,New York,83.62246678875862,70.23337945569352,0.39835156248496634,Foggy
2022-01-07,Houston,88.1678801198508,81.96531393612923,5.736180231686567,Sunny
2022-01-08,Los Angeles,15.557796807475427,58.80774763450327,3.389913405456428,Rainy
2022-01-08,New York,60.15964425649953,71.87309617934626,0.12793449765746892,Foggy
2022-01-08,Houston,37.86666959831828,78.83274880206869,4.401916261716989,Sunny
2022-01-09,Los Angeles,82.77131942978869,79.03050271338411,0.8544059490566223,Windy
2022-01-09,New York,65.26082221011195,20.13902614277379,5.854896125904466,Cloudy
2022-01-09,Houston,57.64903735000989,27.99264589840485,4.907243596061128,Foggy
2022-01-10,Los Angeles,23.281641743724062,49.09283528835328,4.6635329833178325,Cloudy
2022-01-10,New York,57.75804718768145,24.895795768283342,8.732243559873082,Foggy
2022-01-10,Houston,65.18423585487056,50.63917618941736,8.20608061110388,Cloudy
2022-01-11,Los Angeles,91.42889705412657,51.16534787777538,6.654267941509864,Snowy
2022-01-11,New York,61.389131844333434,93.61868298221918,5.383005734429097,Foggy
2022-01-11,Houston,92.359448741398,65.36574839157527,2.352224592369509,Cloudy
2022-01-12,Los Angeles,91.89009536413963,76.50810244269266,0.07608160456600568,Snowy
2022-01-12,New York,66.6662272025214,90.97589456689828,1.1150633727062171,Windy
2022-01-12,Houston,54.97854671356518,55.370345651945385,2.985323189490643,Cloudy
2022-01-13,Los Angeles,51.74776124991,20.156971567790578,1.8336146751034552,Snowy
2022-01-13,New York,86.12066345037839,42.8268819700331,5.3127576776629395,Foggy
2022-01-13,Houston,16.2887913207123,85.13269600299896,4.986034545698798,Snowy
2022-01-14,Los Angeles,23.218464039909296,92.14729358400598,3.633076499014582,Snowy
2022-01-14,New York,22.2678100586513,48.12076648945769,7.4615272856018775,Cloudy
2022-01-14,Houston,75.31176133480544,43.51930023832387,6.814797703124629,Cloudy
2022-01-15,Los Angeles,41.51173293205532,93.96041688549867,6.411456964230003,Rainy
2022-01-15,New York,65.67545212399678,48.0858988786224,4.685217317688255,Foggy
2022-01-15,Houston,62.90641521124782,72.17961504613267,0.4049340847831462,Snowy
2022-01-16,Los Angeles,45.25206554914506,42.42473880404507,3.98946027064828,Cloudy
2022-01-16,New York,57.05698550163429,27.83350390325932,4.652656735758324,Foggy
2022-01-16,Houston,66.25622121930446,60.09890494288108,4.174192631748158,Rainy
2022-01-17,Los Angeles,90.21697672012921,93.85854696945341,0.04170604911744409,Foggy
2022-01-17,New York,60.6263599017395,69.4912603141844,6.081005586183764,Foggy
2022-01-17,Houston,63.76376845323345,36.70612998269875,2.3990460930014748,Foggy
2022-01-18,Los Angeles,19.496321234005812,74.59436586940905,0.41624547526579164,Sunny
2022-01-18,New York,91.12948099556907,81.4688915278106,4.69261189917955,Cloudy
2022-01-18,Houston,56.774636160660286,45.66084495319671,8.580021715673794,Sunny
2022-01-19,Los Angeles,78.90314700865368,64.7367521144831,0.2744000747314848,Cloudy
2022-01-19,New York,18.073576114938515,74.55625051738579,0.12807941142593685,Cloudy
2022-01-19,Houston,48.09372099470438,32.828251630439055,5.478144247229735,Rainy
2022-01-20,Los Angeles,34.81501219136883,97.128075181797,5.060938518938257,Sunny
2022-01-20,New York,35.625047793775785,56.100156915987355,0.14639204222647226,Sunny
2022-01-20,Houston,78.1077521268353,98.37315123776531,0.9606589901295589,Windy
2022-01-21,Los Angeles,64.53320474677713,35.165909267559606,7.7956706291594395,Rainy
2022-01-21,New York,49.619370259270696,58.701883704771554,4.218846062071881,Snowy
2022-01-21,Houston,14.857444906497868,33.26829229406702,1.1593596039000222,Cloudy
2022-01-22,Los Angeles,92.15916337858792,20.814465790715097,1.4532670074521081,Cloudy
2022-01-22,New York,91.92388352181362,39.03001380601622,5.698805353315179,Windy
2022-01-22,Houston,31.621729032683117,52.254986965446676,3.063352767625261,Cloudy
2022-01-23,Los Angeles,17.349056157641094,54.49045901793886,0.2395872861578933,Sunny
2022-01-23,New York,56.94614840396408,90.92041240833636,5.928051735201459,Snowy
2022-01-23,Houston,91.06427598392901,70.85418111046735,0.30154755021661184,Windy
2022-01-24,Los Angeles,87.74206350695972,54.755332417482414,1.027871428124623,Windy
2022-01-24,New York,61.35769197504112,99.03981596878502,1.4798097800020877,Cloudy
2022-01-24,Houston,38.58745690295028,69.13794653013485,1.335431087030553,Cloudy
2022-01-25,Los Angeles,40.72683158530488,45.81303719879773,7.09819694297615,Windy
2022-01-25,New York,86.73099767036824,75.30487049686357,0.8709644455172397,Snowy
2022-01-25,Houston,53.83450688648173,59.65599381464041,1.3854236136717861,Sunny
2022-01-26,Los Angeles,24.620414546338793,90.49341552545377,4.16643766673332,Cloudy
2022-01-26,New York,34.1224635538622,91.7209009650657,1.305659146279011,Cloudy
2022-01-26,Houston,36.42038701886742,49.38803200969357,6.961865795319179,Windy
2022-01-27,Los Angeles,24.007281479484657,64.98712406881154,4.546066904645256,Rainy
2022-01-27,New York,51.5065949032246,41.26187552370443,8.198773451477054,Snowy
2022-01-27,Houston,88.20012357027426,70.130940139404,0.35526149268717877,Sunny
2022-01-28,Los Angeles,68.17138598237314,99.38775698557399,7.970932165866487,Cloudy
2022-01-28,New York,19.870387864157344,86.60708142577471,1.433604999049403,Snowy
2022-01-28,Houston,14.445080242542183,49.31279202422602,8.627438722078676,Cloudy
2022-01-29,Los Angeles,36.3760610650096,27.6304281594794,3.0388873535366043,Rainy
2022-01-29,New York,43.37812771830917,97.33455898988113,4.760786508388913,Cloudy
2022-01-29,Houston,76.91672319278884,51.16678229421762,0.220842179020984,Foggy
2022-01-30,Los Angeles,92.3274474383597,43.47047146134521,6.795986608060603,Snowy
2022-01-30,New York,45.39294104730703,45.30683143244541,1.992469160935979,Windy
2022-01-30,Houston,69.62189241516575,59.193869331107734,8.543385928652958,Cloudy
2022-01-31,Los Angeles,94.58705449559002,96.54011189992005,6.168229175696211,Snowy
2022-01-31,New York,74.39899329387616,98.92978570667931,2.643490681165881,Foggy
2022-01-31,Houston,65.53135347595341,43.69013818819164,2.4318154649639387,Cloudy
2022-02-01,Los Angeles,20.324063188442647,48.11749661979881,1.5889625885159528,Windy
2022-02-01,New York,40.18043129677315,60.94452480528296,7.473886148890181,Foggy
2022-02-01,Houston,87.98476483502971,20.654983090378877,4.086851039993196,Foggy
2022-02-02,Los Angeles,30.281444016153362,33.98692505952873,2.581289572888945,Windy
2022-02-02,New York,82.33081910112986,94.88472164038451,8.880816195983348,Rainy
2022-02-02,Houston,70.40221849152094,22.354818964908894,7.477337822483468,Rainy
2022-02-03,Los Angeles,43.672274037291125,28.078102377643503,5.464675319075425,Windy
2022-02-03,New York,56.86311584672518,53.6517613626975,7.479274854543276,Cloudy
2022-02-03,Houston,57.9673239689779,78.51601993272097,1.1196491252948664,Sunny
2022-02-04,Los Angeles,71.83835659098479,41.51025843122788,6.264946169806104,Cloudy
2022-02-04,New York,55.84103122903488,44.47724724431127,3.0212758241381295,Foggy
2022-02-04,Houston,24.77915520491747,44.43783840995094,6.407972069344862,Sunny
2022-02-05,Los Angeles,76.64982839327493,89.80815414028852,8.963187782570092,Foggy
2022-02-05,New York,46.90807224939562,38.08780849819343,7.273392288561008,Foggy
2022-02-05,Houston,92.01060510716611,64.99214608105522,5.271327903903389,Windy
2022-02-06,Los Angeles,36.964616365735786,99.99449176150529,6.948790726873737,Snowy
2022-02-06,New York,35.30938120402335,78.27723959144146,4.365115743061261,Rainy
2022-02-06,Houston,41.01409904968979,46.90805242375408,2.6092472340500974,Rainy
2022-02-07,Los Angeles,60.357678292648664,81.23671762659276,0.3787322107688291,Rainy
2022-02-07,New York,86.48444895627956,96.31325659084871,6.311915001537932,Rainy
2022-02-07,Houston,28.278812851341197,49.88302457220675,1.3290327347365487,Sunny
2022-02-08,Los Angeles,36.65398260553684,76.64089920554645,4.281382526666281,Rainy
2022-02-08,New York,61.11606729497681,26.064341049551132,6.214529056232797,Windy
2022-02-08,Houston,50.80107361508272,91.62374694033134,8.307363716745014,Cloudy
2022-02-09,Los Angeles,50.23315386771375,27.70053796994496,5.679613389669171,Foggy
2022-02-09,New York,80.47947522980893,49.83400770092757,2.02931702629418,Cloudy
2022-02-09,Houston,88.83414250342025,63.40046742897886,4.418466554115273,Sunny
2022-02-10,Los Angeles,52.98586425166043,41.08621139601751,6.222596247340765,Windy
2022-02-10,New York,69.67549543122918,71.9415460789742,1.8204696629177015,Foggy
2022-02-10,Houston,78.8857555932189,64.35429819139291,6.824254812341496,Sunny
2022-02-11,Los Angeles,55.987679241360276,77.37481922384848,7.119273452059053,Snowy
2022-02-11,New York,37.839629125252564,48.33114920977287,4.870268844878681,Windy
2022-02-11,Houston,65.68485241550499,63.681111172213875,8.00451277482209,Foggy
2022-02-12,Los Angeles,61.3938371247908,84.97483201449832,2.094702269015064,Rainy
2022-02-12,New York,87.02658839890844,84.85570768011645,5.012017261916673,Foggy
2022-02-12,Houston,18.244969978358338,77.13919798815053,8.334115395430903,Sunny
2022-02-13,Los Angeles,87.72064235781082,63.354871169198354,6.563089926937883,Sunny
2022-02-13,New York,57.288994281394125,73.86088806195963,7.520524486455968,Snowy
2022-02-13,Houston,15.269765400043031,26.95042320896406,2.070032450550612,Foggy
2022-02-14,Los Angeles,41.920876480190834,57.705376056858604,5.338638638528784,Windy
2022-02-14,New York,72.6710186739009,88.81148002437192,3.0202611923310667,Windy
2022-02-14,Houston,53.56308012280247,68.58918573813139,6.141473445062591,Rainy
2022-02-15,Los Angeles,93.3928820327204,95.3346484660072,4.871017183392593,Sunny
2022-02-15,New York,48.231415980314935,40.97428170352647,5.8299090643251175,Rainy
2022-02-15,Houston,40.457453599706625,27.704144168862037,5.757033610387511,Rainy
2022-02-16,Los Angeles,80.55542668879502,70.12907484831092,6.8639979356113665,Windy
2022-02-16,New York,58.38044264800054,27.27407438563043,7.446034281314869,Snowy
2022-02-16,Houston,69.26845290406726,82.57082907395328,0.5767357629719625,Rainy
2022-02-17,Los Angeles,79.26188938113287,40.53939265192458,8.839408071953436,Cloudy
2022-02-17,New York,68.38563123617524,63.10014867549253,3.788296224951759,Rainy
2022-02-17,Houston,48.21500707626183,84.91016322412901,1.5854002583853175,Rainy
2022-02-18,Los Angeles,24.108512279438354,83.042829496024,8.593375625218005,Snowy
2022-02-18,New York,61.00010149227534,59.67800216633669,7.30724294644367,Sunny
2022-02-18,Houston,86.69209946507003,98.06771306523783,3.91793500385712,Foggy
2022-02-19,Los Angeles,47.93028654799161,59.810652567267255,5.59154222654884,Rainy
2022-02-19,New York,87.76874402227008,42.303313335284436,2.108286278183235,Rainy
2022-02-19,Houston,54.78575340237457,44.194499564134944,3.85060807297651,Foggy
2022-02-20,Los Angeles,64.2881665578406,79.49141791018161,3.736987005931372,Sunny
2022-02-20,New York,81.47206656050707,54.96856311124749,7.028082928215382,Snowy
2022-02-20,Houston,59.73236588089844,53.50307878283922,4.023902241196042,Snowy
2022-02-21,Los Angeles,21.36851648294064,21.638927621594757,7.035826911209446,Snowy
2022-02-21,New York,93.459331464832,44.42225283368394,7.363986666065421,Sunny
2022-02-21,Houston,33.91379345493953,88.83064638732854,3.594194985433077,Snowy
2022-02-22,Los Angeles,71.55093161904608,84.28035985817175,4.101638884038527,Cloudy
2022-02-22,New York,54.91418852803684,79.7208687986128,4.853367266926373,Windy
2022-02-22,Houston,52.78058358223436,21.850270934057594,0.03272167067823947,Sunny
2022-02-23,Los Angeles,33.759206328218205,22.159223314535453,1.8180228077966998,Sunny
2022-02-23,New York,72.49421202170844,44.91719675127061,7.895796844469064,Cloudy
2022-02-23,Houston,23.135849451309966,57.95626177745066,7.0923935508608755,Foggy
2022-02-24,Los Angeles,94.2267180582803,92.77930143890158,0.719096320671973,Snowy
2022-02-24,New York,82.47525650568352,50.77038528044315,5.917604955721553,Sunny
2022-02-24,Houston,57.29522414046916,43.08200022903142,0.19326520690873455,Sunny
2022-02-25,Los Angeles,48.388789440698766,65.692237464377,4.979080021345244,Rainy
2022-02-25,New York,37.20363522924928,93.17554396397556,1.505100011790132,Windy
2022-02-25,Houston,54.62890914620217,79.09109691698,7.954658074905427,Foggy
2022-02-26,Los Angeles,85.2328144239576,88.53330255834484,5.730425239073815,Rainy
2022-02-26,New York,36.27551845675537,34.57581159384263,0.5963508335561907,Windy
2022-02-26,Houston,54.54353416305401,30.053155625103393,5.976848289611913,Foggy
2022-02-27,Los Angeles,32.9985420674295,63.525690695111436,8.315791419371696,Snowy
2022-02-27,New York,41.309078206861074,75.78966605738,6.838558212925001,Windy
2022-02-27,Houston,29.41110122278993,96.39904385300254,1.0737505968142311,Foggy
2022-02-28,Los Angeles,94.23367470761622,49.72275267651831,6.199044999061497,Sunny
2022-02-28,New York,60.2912931634589,47.72454817629573,5.692094028888621,Foggy
2022-02-28,Houston,73.35802504697233,61.268343832126774,5.884556086735551,Snowy
2022-03-01,Los Angeles,21.958242989614973,74.79503493653671,7.41136032469558,Cloudy
2022-03-01,New York,43.65552155601958,65.28190216922425,2.8373583748055955,Snowy
2022-03-01,Houston,86.30382404683304,77.84245546660769,3.3131675145822164,Snowy
2022-03-02,Los Angeles,20.83950444033978,50.425194968999236,1.8810404272761512,Rainy
2022-03-02,New York,27.404141495508668,88.97581041481934,4.261139398783826,Cloudy
2022-03-02,Houston,64.65882643844466,34.63804748671678,3.819971692467317,Snowy
2022-03-03,Los Angeles,64.44590852244224,45.27237142626624,0.7838766966526042,Windy
2022-03-03,New York,81.89639060076829,81.8942131016254,2.261229786727776,Snowy
2022-03-03,Houston,89.77491387358513,46.85378031835165,1.1177928331066573,Windy
2022-03-04,Los Angeles,25.500904509446364,73.45236818960122,5.168331560111357,Cloudy
2022-03-04,New York,35.009279300686956,43.02380874183686,1.745429830333313,Foggy
2022-03-04,Houston,48.62437386115373,34.968347394663425,3.0347964611598477,Rainy
2022-03-05,Los Angeles,14.07316612722122,44.058605116252295,7.615398725012548,Snowy
2022-03-05,New York,19.65495853973529,90.9594637630304,5.329957827771933,Sunny
2022-03-05,Houston,32.34579351322275,56.87065029533696,4.842809848938799,Rainy
2022-03-06,Los Angeles,52.96925908528075,38.03321229905828,8.80199434172411,Rainy
2022-03-06,New York,34.37334179165764,45.71508713320352,4.076362065628814,Foggy
2022-03-06,Houston,85.01123327006688,20.221676530054555,8.236034165619907,Snowy
2022-03-07,Los Angeles,40.2661029189029,80.4646630205623,5.385925815203421,Windy
2022-03-07,New York,88.89444778355292,38.054196194624154,3.777955703358114,Foggy
2022-03-07,Houston,92.95776811951151,67.8336832216402,3.225587263478536,Foggy
2022-03-08,Los Angeles,50.438784246513876,22.00876305417145,8.4199932121046,Sunny
2022-03-08,New York,32.397434168845216,86.7598745578814,5.268406098165705,Windy
2022-03-08,Houston,37.62495680726327,34.995580290908414,2.346112638418071,Snowy
2022-03-09,Los Angeles,76.88302821441513,20.381470221141598,4.841743283833572,Windy
2022-03-09,New York,36.14132633119988,44.09502466923405,2.3280058482054042,Sunny
2022-03-09,Houston,44.82721230154306,93.63896950698174,2.2431700954802523,Rainy
2022-03-10,Los Angeles,52.76464453702983,41.009137443570864,1.2036703646993654,Windy
2022-03-10,New York,60.58400043406871,60.27830704943291,6.424751704977779,Cloudy
2022-03-10,Houston,94.68413566440029,52.57838754861635,7.279767713631958,Cloudy
2022-03-11,Los Angeles,32.80899016825098,43.539940666566935,3.016246428595317,Cloudy
2022-03-11,New York,42.62731996310168,94.18828628812567,3.814876037977211,Rainy
2022-03-11,Houston,35.294185337851395,83.11959264429814,7.391842698381388,Cloudy
2022-03-12,Los Angeles,43.250188368140535,80.95306522990857,0.15195503033368474,Sunny
2022-03-12,New York,22.165165868464264,62.08856995849918,3.1021725497614434,Windy
2022-03-12,Houston,43.14459114652482,85.98893389838697,2.866953450803995,Sunny
2022-03-13,Los Angeles,85.91706754861545,56.67429265690029,5.065276848609772,Windy
2022-03-13,New York,38.18577767556237,57.21516403772445,8.340686914965033,Sunny
2022-03-13,Houston,44.12671716777458,59.5019250730771,0.37763887282449443,Sunny
2022-03-14,Los Angeles,90.50240731947271,38.952818017965676,7.855105197636078,Foggy
2022-03-14,New York,72.99869870247633,93.8921487509592,5.19274592728135,Snowy
2022-03-14,Houston,55.855835900261916,40.700053990283934,5.4773877877127735,Rainy
2022-03-15,Los Angeles,76.95261100067869,35.8527599951572,8.919460419725224,Sunny
2022-03-15,New York,23.97755155721482,39.50014346652682,1.195671031959157,Rainy
2022-03-15,Houston,51.62371861088823,85.38816932527511,2.5784743291993695,Rainy
2022-03-16,Los Angeles,23.577126427605172,81.48365101410893,2.1442128456294403,Snowy
2022-03-16,New York,32.92306974658598,54.16854467648545,4.369853302117542,Foggy
2022-03-16,Houston,25.491248038960947,21.102552369966602,5.404341899184599,Sunny
2022-03-17,Los Angeles,43.305900372700286,98.05880266007085,6.784094165383547,Sunny
2022-03-17,New York,44.91278495207,30.60247819922907,0.49435537132864066,Snowy
2022-03-17,Houston,90.73199512849251,88.11381412737914,3.9717669590724,Cloudy
2022-03-18,Los Angeles,35.394184226189864,82.53784693046019,8.614759013602661,Snowy
2022-03-18,New York,52.266736470637866,95.0460625369092,4.311626020553574,Rainy
2022-03-18,Houston,79.72173172104242,81.87188312682309,7.620705699565233,Foggy
2022-03-19,Los Angeles,80.06502450136959,46.50972726616229,1.0437150678257583,Rainy
2022-03-19,New York,74.77779814983664,38.55312347313355,2.6999968127967366,Sunny
2022-03-19,Houston,37.31453473334591,50.215265632513194,6.854314506456215,Cloudy
2022-03-20,Los Angeles,54.09270117231992,36.246973641333966,5.791372554840854,Sunny
2022-03-20,New York,29.083139210124585,77.56597981959607,4.130433196294454,Windy
2022-03-20,Houston,29.260361345407144,86.12149059952884,6.23465641871193,Cloudy
2022-03-21,Los Angeles,49.303138264203184,71.71511139177984,7.18586018422247,Foggy
2022-03-21,New York,73.82596992067823,34.88741850472817,8.36528826266709,Foggy
2022-03-21,Houston,56.653325059824866,22.990776882291655,4.104358446520007,Rainy
2022-03-22,Los Angeles,85.82134088864363,66.43210134855715,5.989485465853934,Rainy
2022-03-22,New York,81.30361261998365,57.013848406369085,3.5554253363810093,Cloudy
2022-03-22,Houston,16.56004086845285,35.97631425592259,8.640628523615966,Sunny
2022-03-23,Los Angeles,60.0419424721635,49.44671217762328,4.4802436030505435,Cloudy
2022-03-23,New York,63.342062412807095,63.31730044871626,3.826306218752998,Windy
2022-03-23,Houston,91.8875866883066,70.63336898212637,8.756402923684703,Snowy
2022-03-24,Los Angeles,15.882166763417803,58.13150220342546,0.018280255507662137,Cloudy
2022-03-24,New York,57.01940544845894,97.71142573883263,3.0941581284526034,Snowy
2022-03-24,Houston,30.587290316804044,23.69811203766848,7.8125494942669835,Cloudy
2022-03-25,Los Angeles,18.346695409618718,72.65663304215187,4.207753683581306,Snowy
2022-03-25,New York,61.586570503269584,92.76463214302606,3.2471579497159415,Windy
2022-03-25,Houston,76.580935634257,38.925136889058,5.478781095845981,Sunny
2022-03-26,Los Angeles,76.76410138724022,37.09657504553101,3.7718072562568064,Windy
2022-03-26,New York,16.45336122262845,80.97862459860657,3.0711598710959334,Cloudy
2022-03-26,Houston,46.96265842199874,58.90990352841888,2.479021477932669,Rainy
2022-03-27,Los Angeles,17.60527979903826,99.37420053583055,2.9177606714700413,Foggy
2022-03-27,New York,34.07493040625235,67.12988963933697,8.613712266413092,Sunny
2022-03-27,Houston,29.623336923393815,93.87535467903942,8.944693936315023,Sunny
2022-03-28,Los Angeles,31.429788918614733,20.976841573073752,0.9211570000383036,Windy
2022-03-28,New York,41.468591536796815,32.36316963805641,6.854472897184264,Rainy
2022-03-28,Houston,36.47086138871586,74.75352358012717,6.130719884624137,Cloudy
2022-03-29,Los Angeles,91.94467281753546,53.31730959179568,5.880984458862706,Rainy
2022-03-29,New York,42.54497672075995,86.87716555431842,0.3061185384488745,Windy
2022-03-29,Houston,86.42797373873073,54.31184740452145,2.5487449950192884,Sunny
2022-03-30,Los Angeles,28.66437539319493,77.03973570839885,6.954100297384898,Cloudy
2022-03-30,New York,75.86349624224536,65.29280136267666,4.621199777018732,Windy
2022-03-30,Houston,18.968988417996066,29.592285386289827,0.2226528741680552,Foggy
2022-03-31,Los Angeles,51.483659587016646,77.43609653656259,4.907422453107974,Foggy
2022-03-31,New York,14.4463456590776,76.50974410781585,7.902020499612171,Foggy
2022-03-31,Houston,79.63355180862432,29.257452097057175,8.187373073612113,Snowy
2022-04-01,Los Angeles,90.9893689190605,64.95291662461833,8.375701623499427,Sunny
2022-04-01,New York,16.843697036998798,46.85200140389747,4.915035769473697,Sunny
2022-04-01,Houston,89.64155527933848,56.70798256366204,4.352401772674547,Rainy
2022-04-02,Los Angeles,76.6821652107996,53.820695442462075,2.2774299901603023,Rainy
2022-04-02,New York,43.06778788221642,28.38195233993509,8.072332307790395,Foggy
2022-04-02,Houston,87.61900064904722,32.64183890330238,7.455120793303492,Windy
2022-04-03,Los Angeles,37.99683897132298,26.94468929149202,8.049005653614705,Foggy
2022-04-03,New York,47.15292029101572,35.395761088268955,2.105934739160782,Cloudy
2022-04-03,Houston,21.83361223755375,88.19555091981965,0.9125106429313234,Cloudy
2022-04-04,Los Angeles,67.21205591391166,21.961811941034632,6.5099026583975625,Foggy
2022-04-04,New York,16.39766712812402,54.52938002294849,8.511084900464668,Windy
2022-04-04,Houston,53.27732729112201,84.07491109624726,8.543013320338954,Rainy
2022-04-05,Los Angeles,69.33853987045524,28.020656362191207,4.9271439883597505,Foggy
2022-04-05,New York,80.52024567687798,38.217087212717175,5.984783431028402,Windy
2022-04-05,Houston,26.145252559354635,78.19517660466295,1.0446600432378526,Windy
2022-04-06,Los Angeles,75.0813196661461,71.8041946074682,2.5658376974388166,Cloudy
2022-04-06,New York,72.2452389079574,65.04190693721328,5.012142939861006,Rainy
2022-04-06,Houston,59.32521326370252,33.73126533025446,8.209263651041143,Windy
2022-04-07,Los Angeles,61.35621242081699,83.56248095726926,4.5124558056833886,Foggy
2022-04-07,New York,21.392928389399028,31.313128950503682,5.524375714923102,Snowy
2022-04-07,Houston,62.6381545024708,30.78383157784514,0.5176309557872026,Snowy
2022-04-08,Los Angeles,44.903298772737415,83.60280354426834,8.99112024272882,Windy
2022-04-08,New York,84.2740489586734,49.537866230726024,4.589699937479177,Foggy
2022-04-08,Houston,39.361009420615204,45.00936927386775,1.493810948315144,Windy
2022-04-09,Los Angeles,60.7042012664455,42.29376410481891,3.1594009809395303,Cloudy
2022-04-09,New York,48.55228337579675,45.99776850940812,4.784314426570058,Rainy
2022-04-09,Houston,84.97721699827535,47.247007976608415,1.2910316209927002,Windy
2022-04-10,Los Angeles,34.56725002612431,75.70941548852318,1.8328595100247076,Windy
2022-04-10,New York,20.382991185066295,39.2209760921018,8.536676633792588,Cloudy
2022-04-10,Houston,74.6411133996343,46.026116277912394,8.132683132616382,Windy
2022-04-11,Los Angeles,47.44462596957404,82.09692067760528,1.1399247466369666,Sunny
2022-04-11,New York,61.71696708922961,93.05204586509697,2.6004181121684775,Sunny
2022-04-11,Houston,16.137535868781438,69.02687761827458,5.924005169824185,Foggy
2022-04-12,Los Angeles,91.12089310318956,28.409458357024562,2.4210507576672557,Windy
2022-04-12,New York,85.08708856818309,63.32677285668983,0.01942292746806562,Foggy
2022-04-12,Houston,64.53329994675947,70.2223099379525,6.535715947154835,Windy
2022-04-13,Los Angeles,15.37941721112206,45.1242157605558,1.7996013968692195,Cloudy
2022-04-13,New York,44.61609439261301,86.24002983415178,3.0287692636749317,Rainy
2022-04-13,Houston,93.28251955711406,82.56630486057425,2.646448003043621,Rainy
2022-04-14,Los Angeles,69.187759057959,66.02453653762319,1.420167013048974,Foggy
2022-04-14,New York,27.040016766386948,31.601247154168952,1.2646618403447634,Sunny
2022-04-14,Houston,51.30833664101455,75.79051725472733,1.3506756519884777,Snowy
2022-04-15,Los Angeles,92.30575725132236,91.62789310732177,9.017569139866586,Snowy
2022-04-15,New York,57.31136212774406,40.0080887818589,6.77466090326622,Windy
2022-04-15,Houston,15.993776770415788,96.69487165472066,8.76203366900309,Rainy
2022-04-16,Los Angeles,64.2015388263542,81.70419176242268,5.327075070679263,Foggy
2022-04-16,New York,35.96853900542394,44.02572598232899,3.085188655328901,Windy
2022-04-16,Houston,22.006522102029255,69.34568992892653,1.5278908620509934,Cloudy
2022-04-17,Los Angeles,46.635584023283336,44.62783456645556,4.5051537699739495,Foggy
2022-04-17,New York,59.240370892011825,27.957430087511526,4.598752887202578,Sunny
2022-04-17,Houston,15.38029816187202,85.93189356965483,7.246458057533731,Windy
2022-04-18,Los Angeles,59.282791499511745,73.26456276072258,4.925354554788808,Windy
2022-04-18,New York,55.40745489401063,69.12005210245775,1.8161153177614853,Rainy
2022-04-18,Houston,78.30657903099956,31.373830457058673,7.588717367697747,Rainy
2022-04-19,Los Angeles,48.307535162047174,50.190169053583766,1.3786608234738074,Snowy
2022-04-19,New York,58.82948480326078,90.13088640039288,4.9297774170837645,Foggy
2022-04-19,Houston,74.10275362862723,33.06435686215251,0.39583691772087165,Snowy
2022-04-20,Los Angeles,86.66881561433759,23.832230959769483,3.4409749862382335,Sunny
2022-04-20,New York,44.782800657918685,35.29211815121403,6.2622375650541935,Snowy
2022-04-20,Houston,62.73231315843486,40.01440057398912,1.2928416658599802,Rainy
2022-04-21,Los Angeles,70.26348317672692,82.69140190127067,4.89217808383226,Windy
2022-04-21,New York,17.504924791817892,71.85131769514652,5.022285497773645,Snowy
2022-04-21,Houston,78.86160118737692,21.387419744519374,8.475703433805622,Foggy
2022-04-22,Los Angeles,44.5718450024469,21.38317221929573,4.349249408479399,Foggy
2022-04-22,New York,68.2893542569324,65.35171430400443,0.7302745094531714,Sunny
2022-04-22,Houston,52.20478936260087,70.6633953902631,1.3602180338413843,Rainy
2022-04-23,Los Angeles,70.8894705580283,30.033750473244318,2.5688282448925213,Rainy
2022-04-23,New York,72.6708093180981,68.83697216668475,7.446702852668548,Snowy
2022-04-23,Houston,29.517252092403854,39.22815283356321,2.377753758453655,Sunny
2022-04-24,Los Angeles,67.63611297720249,46.93770739684378,5.680225326950658,Windy
2022-04-24,New York,82.95719846844906,52.7065264307473,0.7305616336767513,Foggy
2022-04-24,Houston,33.08094324090296,29.29558369874237,1.884109522707819,Sunny
2022-04-25,Los Angeles,75.41286106140412,97.0474884355964,5.770760952277235,Cloudy
2022-04-25,New York,65.33983416557311,97.90115629020488,0.9147086340879496,Sunny
2022-04-25,Houston,91.36520879227767,55.60013512715259,6.669261221998812,Foggy
2022-04-26,Los Angeles,35.07997276063263,40.59731824642198,4.18586762958318,Windy
2022-04-26,New York,26.496499990298286,96.6875557220249,2.6057993029330806,Cloudy
2022-04-26,Houston,39.281802237817686,85.44459172377526,8.14524410474911,Cloudy
2022-04-27,Los Angeles,34.894661034031415,77.93828844465855,6.274214263632012,Snowy
2022-04-27,New York,75.30345359835454,56.944942982211145,0.5982347077164124,Cloudy
2022-04-27,Houston,73.38185361159067,52.84629611529377,6.246620646820624,Foggy
2022-04-28,Los Angeles,68.24447696928203,82.34794178214814,1.8490065692972324,Snowy
2022-04-28,New York,31.52670827113751,61.56909422117013,8.577333011379208,Snowy
2022-04-28,Houston,83.80635140256626,72.84657110566465,1.4328690003905682,Sunny
2022-04-29,Los Angeles,91.48229602457315,65.29543852867295,5.747895094353982,Snowy
2022-04-29,New York,57.0600712668002,76.97483257210904,2.2593655784179503,Snowy
2022-04-29,Houston,66.59919118098026,27.528400326272077,8.781523936723222,Rainy
2022-04-30,Los Angeles,54.55606002066553,50.20968741086294,3.0242175862778318,Snowy
2022-04-30,New York,36.96817492331091,33.36713508078921,5.495745912602917,Foggy
2022-04-30,Houston,37.177955923724944,39.363512001882846,1.2071005597849191,Foggy
2022-05-01,Los Angeles,39.387062341527965,36.06594212305446,4.468018404880985,Snowy
2022-05-01,New York,29.45885033729647,60.26578394430921,5.674698207950755,Foggy
2022-05-01,Houston,87.05581424297472,21.519439080793497,7.183323925780523,Rainy
2022-05-02,Los Angeles,83.53024885778156,97.11740816067552,5.192183785609497,Snowy
2022-05-02,New York,51.392788266825775,61.517106112765696,6.557938834730783,Foggy
2022-05-02,Houston,43.74736441737381,24.20572113635112,8.00712500513146,Rainy
2022-05-03,Los Angeles,90.06534688031499,74.56430722894073,2.7827175470080907,Cloudy
2022-05-03,New York,32.012251007857614,41.51104400783012,3.1705480185501926,Sunny
2022-05-03,Houston,58.83689871681093,28.541407407074388,0.27564500200455605,Foggy
2022-05-04,Los Angeles,18.414350598915174,86.42429487799959,5.166033253829979,Rainy
2022-05-04,New York,29.48737795841337,35.83260823314593,9.055217167164328,Cloudy
2022-05-04,Houston,62.92618160212029,28.380341508770506,6.860893055509183,Windy
2022-05-05,Los Angeles,67.63687588037774,24.552516208306557,9.251457861853858,Sunny
2022-05-05,New York,61.06066131253242,78.28461948273336,4.234818060573364,Snowy
2022-05-05,Houston,84.43771469594246,72.42169978582143,6.966876074030295,Windy
2022-05-06,Los Angeles,94.46582288664251,20.655931246885928,1.502552180157262,Sunny
2022-05-06,New York,75.87280921438581,37.71844323586429,3.9333386827095054,Foggy
2022-05-06,Houston,51.67243451564447,76.37456248933997,5.998844935564743,Snowy
2022-05-07,Los Angeles,81.54870822578232,32.171268376316185,4.197162807273671,Rainy
2022-05-07,New York,23.751378927446133,66.14006265009317,0.27702754905039223,Sunny
2022-05-07,Houston,69.34492641212032,37.052517340168585,2.953152136679236,Foggy
2022-05-08,Los Angeles,55.985360783728154,55.93874278486298,6.301333473807909,Cloudy
2022-05-08,New York,28.42333678671319,89.39384494414249,3.683428760249841,Foggy
2022-05-08,Houston,92.80762299969733,44.20771418407888,4.179387432338265,Snowy
2022-05-09,Los Angeles,41.41343100207855,74.8777911940185,7.980073663733645,Windy
2022-05-09,New York,63.84929588303406,55.06249862262409,2.510874744629808,Snowy
2022-05-09,Houston,85.16613323952112,27.692420344119064,5.740830648765688,Sunny
2022-05-10,Los Angeles,55.041796357100466,48.85079949214408,7.88305945009837,Rainy
2022-05-10,New York,23.326165864290978,87.3024053078486,7.523099883296475,Windy
2022-05-10,Houston,80.31786583213048,97.84369938145826,2.225039450143743,Cloudy
2022-05-11,Los Angeles,42.61031513176284,87.60653364928042,0.47618552824953714,Foggy
2022-05-11,New York,93.62841638023893,32.97827126188405,2.5801914136099957,Sunny
2022-05-11,Houston,85.5898611620092,47.64074387592677,1.644179404691857,Cloudy
2022-05-12,Los Angeles,83.12939600126553,86.49505268854001,0.2582798418961334,Rainy
2022-05-12,New York,42.85650738056985,64.31167475166123,2.8368224816158225,Windy
2022-05-12,Houston,75.32751200253432,82.09486376915265,4.854256413133099,Sunny
2022-05-13,Los Angeles,93.8926541031287,82.22266132934321,6.061340310866157,Cloudy
2022-05-13,New York,56.632050568057835,25.68703205040957,3.5221970820685637,Rainy
2022-05-13,Houston,52.12930455137376,47.39252524808185,1.9040322565852421,Foggy
2022-05-14,Los Angeles,15.187931498737733,58.32172043623737,5.306253887287578,Rainy
2022-05-14,New York,70.71650526752984,95.61797772643104,7.01247905773096,Windy
2022-05-14,Houston,83.53668305675018,91.85830408128034,6.477342377804508,Cloudy
2022-05-15,Los Angeles,34.04403207262823,53.842558634497586,7.987580267206185,Rainy
2022-05-15,New York,39.5169907462872,27.653274198953206,2.45938975435246,Sunny
2022-05-15,Houston,54.55483872741867,52.36338295043054,4.68833583684636,Windy
2022-05-16,Los Angeles,19.838492746282867,62.872266611302464,4.552512570032158,Sunny
2022-05-16,New York,21.261040563997696,92.35177531192251,2.997331366586842,Rainy
2022-05-16,Houston,48.10997146993455,43.59034137129736,6.397831423175015,Rainy
2022-05-17,Los Angeles,35.15873516897715,44.70913165351899,1.2511386311993384,Windy
2022-05-17,New York,46.88902150515425,70.17465876382728,7.504444826158519,Windy
2022-05-17,Houston,50.805290146094976,60.41532440571032,0.341311393035331,Foggy
2022-05-18,Los Angeles,93.07814513586857,35.66951672470452,3.618055514133759,Rainy
2022-05-18,New York,90.48504542832981,31.57817990740635,5.660568756663677,Snowy
2022-05-18,Houston,25.318142274721055,59.15977678442773,3.9553130571568014,Snowy
2022-05-19,Los Angeles,85.48946387231197,82.35127651202244,6.111421263791337,Rainy
2022-05-19,New York,20.496739648736362,82.30650012454299,0.3616436533379644,Sunny
2022-05-19,Houston,55.11847304713808,98.06429498564727,8.082425876886502,Snowy
2022-05-20,Los Angeles,27.276701908890992,50.61745585263957,0.7238082992015548,Foggy
2022-05-20,New York,43.637263773911656,51.35914614482088,2.6819582987948016,Sunny
2022-05-20,Houston,74.21055827754184,20.14555958244234,2.7343640492154493,Rainy
2022-05-21,Los Angeles,48.38494382790484,86.39338921563913,0.1101097731430598,Sunny
2022-05-21,New York,79.36305429327803,71.73027552544406,0.8763556899056045,Cloudy
2022-05-21,Houston,72.22407259404089,81.59376949855127,7.940039533930882,Windy
2022-05-22,Los Angeles,90.36999514309232,57.64985599558425,7.231032716538461,Sunny
2022-05-22,New York,57.26663766745606,93.61547909126918,6.878516194918489,Sunny
2022-05-22,Houston,78.97398427301141,22.32910382661715,6.424630065334698,Rainy
2022-05-23,Los Angeles,40.155475613301206,29.222494619031067,0.6946624921265424,Snowy
2022-05-23,New York,42.005413452279036,50.08138679772025,2.783656028938729,Foggy
2022-05-23,Houston,46.441347550101945,26.80847264908577,0.06126666160556192,Snowy
2022-05-24,Los Angeles,47.28417447814521,27.031030557205753,0.5640901080722042,Sunny
2022-05-24,New York,22.363510873943937,65.34981434804361,0.3531337992557056,Cloudy
2022-05-24,Houston,56.047014085880946,37.2897615655934,1.8541773180408745,Rainy
2022-05-25,Los Angeles,21.841060760791073,70.12281684457037,0.5245944594899505,Foggy
2022-05-25,New York,86.0707330014009,94.35198577162066,0.15736641021653686,Sunny
2022-05-25,Houston,19.009427441086743,85.91057677625034,2.2827436755528794,Windy
2022-05-26,Los Angeles,50.42524885505401,39.87443100430467,7.445769920097585,Windy
2022-05-26,New York,37.06021937762487,27.173034088905837,0.5248503793261768,Windy
2022-05-26,Houston,26.544422668012807,96.01539745727362,9.17655513415975,Rainy
2022-05-27,Los Angeles,77.4907719582192,99.55967450986599,6.12904729785257,Windy
2022-05-27,New York,71.90952431248158,49.959591957214336,8.079260360957566,Foggy
2022-05-27,Houston,25.821779104702564,56.85418089140488,6.158106220660519,Rainy
2022-05-28,Los Angeles,65.25401692961113,31.626692906405324,7.240902189188597,Cloudy
2022-05-28,New York,78.19696855376614,76.8144634222145,2.8034288659637787,Cloudy
2022-05-28,Houston,76.63990984996084,53.74668854822727,2.398411581490835,Windy
2022-05-29,Los Angeles,21.474647410732288,84.24121162035274,6.192816192173234,Snowy
2022-05-29,New York,69.52653024270788,66.18373691396563,5.248916755860152,Rainy
2022-05-29,Houston,71.99793759156974,23.422704733330697,4.713067261421697,Windy
2022-05-30,Los Angeles,83.8354676304042,46.79636324028779,1.6521190377426431,Windy
2022-05-30,New York,55.151591448063925,84.68769365361229,2.1497745526861647,Snowy
2022-05-30,Houston,51.348614024571944,75.04911051071414,5.123748640778457,Cloudy
2022-05-31,Los Angeles,92.17442231847706,70.60255579031323,3.8206677481220273,Snowy
2022-05-31,New York,78.51749271483904,73.80037138528625,8.97115840225483,Cloudy
2022-05-31,Houston,59.25721025532561,68.40295004988786,5.152616699662015,Rainy
2022-06-01,Los Angeles,40.77998277621364,71.28994612700595,4.0237966260411495,Windy
2022-06-01,New York,82.46427767628437,69.63368837126967,8.860118400495134,Rainy
2022-06-01,Houston,50.89034754661678,62.67423516037266,0.8538928514564912,Foggy
2022-06-02,Los Angeles,21.50750056481101,80.61977003419304,2.533161717449258,Foggy
2022-06-02,New York,50.84724608978863,49.55940508169856,3.2285918534187785,Snowy
2022-06-02,Houston,84.62944008816184,58.019067091240125,7.955126627512405,Sunny
2022-06-03,Los Angeles,50.310853898450084,52.11596455357519,7.143392713257656,Cloudy
2022-06-03,New York,15.16228096696836,36.7368392897542,2.8401082728359706,Rainy
2022-06-03,Houston,63.53031123723404,45.75111699999074,8.132783490472733,Windy
2022-06-04,Los Angeles,94.6622302763233,24.401206208792054,0.5830634635231394,Sunny
2022-06-04,New York,80.19713530728146,46.042210713808856,4.5993906904796615,Foggy
2022-06-04,Houston,63.996273676069976,51.24664743465033,6.1020269917166745,Windy
2022-06-05,Los Angeles,88.06630983062868,27.470727811905906,2.9098273997646564,Sunny
2022-06-05,New York,79.90011621373601,37.63641037696773,0.644713476340214,Sunny
2022-06-05,Houston,54.38978757194327,39.963339795427274,2.3968793788988076,Foggy
2022-06-06,Los Angeles,61.88884311799792,38.197616656695104,4.509026250288003,Snowy
2022-06-06,New York,73.23471754544461,48.017736121915945,2.964931005955982,Windy
2022-06-06,Houston,82.56051928228804,31.590088405597907,3.8742965568597647,Windy
2022-06-07,Los Angeles,18.712288592513623,78.52010854755595,0.867974052511467,Sunny
2022-06-07,New York,76.75911243005324,47.412388425420254,0.13303748989457362,Snowy
2022-06-07,Houston,50.24777863823436,29.789218721735836,8.179845726653834,Snowy
2022-06-08,Los Angeles,67.52468338442479,67.48798250614263,0.7280456044940954,Cloudy
2022-06-08,New York,75.93527388766685,34.371854009393815,2.729290493930373,Cloudy
2022-06-08,Houston,57.69965592722331,24.6445056542155,6.189278068988605,Cloudy
2022-06-09,Los Angeles,26.839702897012323,33.06337136197943,7.871258435563053,Sunny
2022-06-09,New York,47.17167335297955,53.59958496393135,2.9943502193275164,Cloudy
2022-06-09,Houston,20.226712493942763,75.48071775419487,6.077646855192143,Foggy
2022-06-10,Los Angeles,69.83335598357637,71.3200707817008,4.400530407153115,Sunny
2022-06-10,New York,91.25020073900976,20.41647834878601,0.47547029059422696,Snowy
2022-06-10,Houston,78.41547779015914,83.46325220112689,3.8061739145623648,Cloudy
2022-06-11,Los Angeles,45.572700245756614,46.85502227699953,0.2782007131294652,Rainy
2022-06-11,New York,61.32761117644504,74.3772552764456,8.98679834028148,Windy
2022-06-11,Houston,38.6402547435964,22.613853736554628,7.103983649796434,Sunny
2022-06-12,Los Angeles,57.82469356395217,51.50305946978486,3.162396211817227,Windy
2022-06-12,New York,38.358879368555854,21.568840105528242,2.1879134360734485,Windy
2022-06-12,Houston,73.80430530068742,85.30764281160921,3.7312753974243504,Cloudy
2022-06-13,Los Angeles,35.00666214694907,34.95737444129315,2.9468313746021857,Rainy
2022-06-13,New York,92.08565162514546,73.96383260152734,3.4560133890558995,Cloudy
2022-06-13,Houston,67.61784730605605,42.16529301808892,8.562937556199511,Snowy
2022-06-14,Los Angeles,19.571005662391343,30.828089147011816,3.770402894997358,Rainy
2022-06-14,New York,14.872998843961145,94.42362712372612,6.910262148763369,Rainy
2022-06-14,Houston,94.76075388061312,67.60196926292977,1.4615859540777794,Snowy
2022-06-15,Los Angeles,31.860951835479277,91.25048378391145,4.974209162772366,Windy
2022-06-15,New York,39.317582625031385,44.527952132051134,4.601879499235636,Windy
2022-06-15,Houston,30.881535150370777,86.38682669427156,5.510615789334448,Rainy
2022-06-16,Los Angeles,89.17624357016577,95.3345866725026,6.336935541966975,Snowy
2022-06-16,New York,66.81304163315774,51.61470614294306,8.02518767369667,Rainy
2022-06-16,Houston,54.85529220804497,92.33048409587576,2.1434246710800497,Rainy
2022-06-17,Los Angeles,59.1697159738982,46.8068594143288,3.5561134781075023,Windy
2022-06-17,New York,39.747700631234174,45.96799993018329,0.5329758923060718,Snowy
2022-06-17,Houston,63.74817519147115,99.65861377560766,5.817722190976886,Snowy
2022-06-18,Los Angeles,47.987629439849485,96.19283585418819,8.712490540965161,Foggy
2022-06-18,New York,30.137479860358514,38.289467677718,3.6927809046987337,Foggy
2022-06-18,Houston,67.1850130765004,86.97616216297163,9.057269117485543,Snowy
2022-06-19,Los Angeles,44.281086109996174,47.39663021127217,5.5725350798202165,Sunny
2022-06-19,New York,77.59037670849008,98.33946991824214,1.9689386850016941,Foggy
2022-06-19,Houston,47.646991558271694,87.98541030080506,4.935509699251734,Cloudy
2022-06-20,Los Angeles,55.16998137874191,92.39354410500306,5.965586110003145,Windy
2022-06-20,New York,77.7847848136526,65.89388091916467,6.210039241865573,Foggy
2022-06-20,Houston,50.278125526498215,43.53210818569443,5.9469101474963795,Rainy
2022-06-21,Los Angeles,92.26391194505733,35.8020005101368,1.7673093261270858,Rainy
2022-06-21,New York,78.23532204280404,62.22975364369064,1.9415723620185636,Cloudy
2022-06-21,Houston,80.94086283051327,73.7212580186386,2.2505720604674138,Sunny
2022-06-22,Los Angeles,91.26755780300194,79.34309080989605,6.831917434280584,Rainy
2022-06-22,New York,45.4969009362998,33.63065700503703,4.654266300408072,Snowy
2022-06-22,Houston,60.986501398755834,62.87103940568497,6.256481212871664,Foggy
2022-06-23,Los Angeles,70.18093100444388,54.88878560761744,7.45051862544795,Snowy
2022-06-23,New York,68.55013716679109,36.65793687822496,5.257446629418845,Rainy
2022-06-23,Houston,91.18788035944259,64.23698538870592,4.391300696040327,Sunny
2022-06-24,Los Angeles,37.356239344145095,42.073097744516595,3.751668125023213,Cloudy
2022-06-24,New York,37.60028381870535,62.804364568764015,4.998272937830934,Sunny
2022-06-24,Houston,88.35835656517088,36.00874759207018,1.3941559490548827,Sunny
2022-06-25,Los Angeles,78.74375697985133,91.99540295326442,7.3301164272903225,Windy
2022-06-25,New York,30.471886549637418,47.04822599356724,8.507431797916716,Rainy
2022-06-25,Houston,60.173797125514184,68.82676821262345,7.571701122235959,Snowy
2022-06-26,Los Angeles,74.40686246180258,29.75463899359167,7.660531052280674,Rainy
2022-06-26,New York,42.59594762624824,70.40137540227738,7.730489777643847,Foggy
2022-06-26,Houston,49.184962348932594,41.76322714331267,1.6371490001897018,Sunny
2022-06-27,Los Angeles,60.60712554453233,96.52252722969338,9.281537272976266,Cloudy
2022-06-27,New York,51.83579316140506,51.532341283306465,6.125342877080245,Rainy
2022-06-27,Houston,74.99643359559165,68.59252453694864,3.923278061015847,Rainy
2022-06-28,Los Angeles,14.481039048328647,37.26506925306371,8.276884036605304,Snowy
2022-06-28,New York,49.205234475675084,88.918096230112,5.427842892728838,Cloudy
2022-06-28,Houston,41.34409140163859,84.3466334496373,9.261141822412661,Snowy
2022-06-29,Los Angeles,63.34228827921597,39.65082498206172,7.009751753913267,Snowy
2022-06-29,New York,76.85263379239014,92.88388064048846,3.42540745385138,Windy
2022-06-29,Houston,20.167758138323947,23.212401762730217,6.921099487476597,Foggy
2022-06-30,Los Angeles,26.802838421696585,80.20584964133917,6.805037453271881,Rainy
2022-06-30,New York,67.8716115555047,56.62950282741154,2.917250888669199,Snowy
2022-06-30,Houston,73.81059772224879,86.83675155815712,8.241012803796703,Rainy
2022-07-01,Los Angeles,61.644343943385664,57.23887739488064,1.312008552720924,Foggy
2022-07-01,New York,93.60707126640204,25.246567653632237,3.40455553750861,Foggy
2022-07-01,Houston,54.45638061763255,38.12364258366776,5.930434955297105,Rainy
2022-07-02,Los Angeles,25.03967914290913,99.54998677735507,4.465847304623473,Foggy
2022-07-02,New York,69.58957589005749,46.734208221549494,6.32079612358283,Foggy
2022-07-02,Houston,62.768117297778645,32.82441736203463,9.29589981242995,Cloudy
2022-07-03,Los Angeles,61.82413947745134,84.4664660644391,0.72697272550951,Foggy
2022-07-03,New York,58.21414445495825,23.605586191240064,7.074018581726552,Cloudy
2022-07-03,Houston,90.06675247351265,25.312700117501006,7.618858264542047,Sunny
2022-07-04,Los Angeles,24.461668142951197,43.80150235634929,2.6302768768555174,Foggy
2022-07-04,New York,19.928981180523248,23.792077970831738,2.3781985715948326,Snowy
2022-07-04,Houston,26.4834907195629,99.65701471138445,4.113702411551248,Cloudy
2022-07-05,Los Angeles,33.84420700230099,75.29031088657061,3.6709675098374914,Sunny
2022-07-05,New York,62.028651874354,61.56691526858857,4.7331606274524605,Foggy
2022-07-05,Houston,63.606445176835486,84.4133111965011,1.9720843034477231,Foggy
2022-07-06,Los Angeles,32.840752074023825,72.99894404895468,4.60249942459498,Windy
2022-07-06,New York,53.62726544418594,33.86119629407156,7.575311785680379,Rainy
2022-07-06,Houston,53.047010074186524,37.57070397191114,8.228972045052767,Snowy
2022-07-07,Los Angeles,50.70197206910322,89.41554285770331,6.214601006885345,Windy
2022-07-07,New York,79.0871688879253,46.95690614190571,2.685538717708073,Foggy
2022-07-07,Houston,52.20713865992618,55.81122740999027,8.13913788643698,Windy
2022-07-08,Los Angeles,75.42760517244943,51.29085696986772,3.9260821242403554,Windy
2022-07-08,New York,27.484971676188643,24.162384960403394,2.1605739843312266,Foggy
2022-07-08,Houston,57.08935486992661,76.36589738268955,1.2545229674338592,Snowy
2022-07-09,Los Angeles,80.75248686111884,63.20592646289725,8.963297098931665,Rainy
2022-07-09,New York,28.39504329721687,74.09120654511442,0.8200154278336238,Snowy
2022-07-09,Houston,51.658695664510645,42.25851117337147,4.937666847854352,Sunny
2022-07-10,Los Angeles,63.335424598893056,52.55311266615814,1.8844064010714552,Snowy
2022-07-10,New York,28.966740561820274,35.41198098173184,8.092863864129313,Foggy
2022-07-10,Houston,75.29801407882364,53.57461051497582,1.8130986910899891,Foggy
2022-07-11,Los Angeles,20.39869607150171,72.2793129437627,6.864407468521002,Cloudy
2022-07-11,New York,90.65965622152522,95.57512345539745,1.5389741161188155,Sunny
2022-07-11,Houston,51.925941031669,73.07657599088061,8.74373619127294,Foggy
2022-07-12,Los Angeles,41.22596999560359,62.0127783994399,6.182563773430513,Rainy
2022-07-12,New York,23.461367580173867,53.30937779985291,3.869161004787675,Sunny
2022-07-12,Houston,49.04032808849704,28.443974740878424,8.97088079335526,Snowy
2022-07-13,Los Angeles,67.4441263806525,58.16594375455922,4.88445011845722,Cloudy
2022-07-13,New York,21.65346961053311,32.408647452851504,3.5797841588427204,Sunny
2022-07-13,Houston,38.80779670858764,66.5749746463272,1.5143634904196137,Cloudy
2022-07-14,Los Angeles,81.7174242045896,78.41976620884671,6.720959844045143,Foggy
2022-07-14,New York,66.34066307346451,95.71964893505539,5.558159964232137,Foggy
2022-07-14,Houston,30.716213960467535,43.74822941503733,2.0774872682934515,Sunny
2022-07-15,Los Angeles,27.033693459240222,51.75244310060264,2.329785527364522,Rainy
2022-07-15,New York,87.26328712227289,34.63615516202658,2.0540859512581013,Windy
2022-07-15,Houston,37.248637928619736,90.2352407904346,4.6215263322840325,Sunny
2022-07-16,Los Angeles,28.539513680789053,85.92617795595382,0.4407631152676988,Snowy
2022-07-16,New York,94.99708550195079,81.99679157385887,2.695949980906248,Windy
2022-07-16,Houston,39.044538050010374,24.583203083992107,6.865751350583738,Foggy
2022-07-17,Los Angeles,24.10395521255846,64.53755535799374,5.790213693955913,Rainy
2022-07-17,New York,51.40236800998871,38.80108496283753,7.629778573604544,Snowy
2022-07-17,Houston,49.18195392607705,29.574815737784554,6.942189405914716,Sunny
2022-07-18,Los Angeles,89.07100054225683,82.52904801467115,0.19831680589398762,Windy
2022-07-18,New York,24.870600745580685,36.92651000861456,5.308706136486861,Snowy
2022-07-18,Houston,21.382048896473854,60.064935859813566,4.086291599257719,Sunny
2022-07-19,Los Angeles,21.53127234344109,62.08770787204326,3.367520542483504,Sunny
2022-07-19,New York,87.24728473160116,37.06256032311772,9.249557081415896,Rainy
2022-07-19,Houston,50.39890341484725,59.38089330579058,6.12326979974336,Windy
2022-07-20,Los Angeles,26.199128780573282,24.225591807999756,2.3401149362438853,Foggy
2022-07-20,New York,62.10023796872254,20.005795971079372,4.9666127364506485,Foggy
2022-07-20,Houston,57.5474918077174,90.42575453314961,0.8876154225905065,Foggy
2022-07-21,Los Angeles,30.070946567660844,53.24709616689218,6.946368046932077,Cloudy
2022-07-21,New York,62.846089293536046,92.59358391626844,3.2403106364943346,Cloudy
2022-07-21,Houston,41.55872997967259,59.704588778260764,1.5740884539636046,Rainy
2022-07-22,Los Angeles,33.308032186200464,54.48866356705318,1.513859803095034,Windy
2022-07-22,New York,55.34244948282128,43.67297125268858,0.14194162955949272,Windy
2022-07-22,Houston,37.6235901828274,26.5351150074431,7.250283462699216,Cloudy
2022-07-23,Los Angeles,31.99333366265827,44.77557194116174,6.791894556901959,Cloudy
2022-07-23,New York,85.2575150722736,68.67762121390733,4.520715357725508,Cloudy
2022-07-23,Houston,26.6167687024468,81.02290777783914,2.851764395111753,Rainy
2022-07-24,Los Angeles,36.727788160071434,63.266041412307494,3.6500418640293386,Snowy
2022-07-24,New York,45.27720876783589,80.6604674957135,8.240204254883487,Snowy
2022-07-24,Houston,36.16470313430185,32.620127332718994,1.1305824114885248,Sunny
2022-07-25,Los Angeles,31.06756204879934,66.65919453433389,0.27556008205441146,Sunny
2022-07-25,New York,76.46283386142163,90.60825816205683,2.0106737556085887,Snowy
2022-07-25,Houston,40.650308856610096,37.43681661126427,4.853084289867577,Sunny
2022-07-26,Los Angeles,23.113549573646413,38.213515071439225,0.0716091384256607,Windy
2022-07-26,New York,57.81250815899236,79.87460104544405,0.97180623179161,Snowy
2022-07-26,Houston,24.164568276149236,84.96454278790364,6.504486604147509,Sunny
2022-07-27,Los Angeles,42.959088202715165,39.84370637552794,4.176198983890322,Rainy
2022-07-27,New York,85.427967744055,46.525584335022224,8.84185108834554,Cloudy
2022-07-27,Houston,43.9020568036038,70.54155203604894,8.488858993167035,Windy
2022-07-28,Los Angeles,65.23322691734825,51.874537055135185,2.5767437931692125,Snowy
2022-07-28,New York,55.684668416699125,69.92087761034023,3.520525877650325,Sunny
2022-07-28,Houston,25.155712508016027,59.714402567738006,8.557879303095069,Cloudy
2022-07-29,Los Angeles,66.57463742105764,81.892104726298,5.3990080633080515,Windy
2022-07-29,New York,83.3388347516383,87.67109175306594,3.446017073249838,Foggy
2022-07-29,Houston,21.550210397672867,89.1061767444128,7.460242723696656,Rainy
2022-07-30,Los Angeles,75.0480872195131,68.92200621838745,8.616900627674006,Rainy
2022-07-30,New York,69.90711380303722,69.00672836154003,6.27733588661891,Rainy
2022-07-30,Houston,84.19950657476882,55.971751905552466,2.1521518051877937,Rainy
2022-07-31,Los Angeles,22.43144650281083,22.209123597064433,7.635970889873681,Rainy
2022-07-31,New York,38.76132573113098,43.934417557060996,3.919541421659809,Sunny
2022-07-31,Houston,70.2376104653363,25.095817480059264,6.506188521101903,Sunny
2022-08-01,Los Angeles,15.783456289818666,55.02281990878025,4.533090494487496,Foggy
2022-08-01,New York,73.46012989616958,87.95881991860914,8.769392497841514,Windy
2022-08-01,Houston,83.4962648990908,67.7441614163857,0.6372958736455344,Sunny
2022-08-02,Los Angeles,50.717628242517364,74.04260786156456,1.452113310215927,Rainy
2022-08-02,New York,49.18072217755882,35.040637742166,1.8134861311943793,Snowy
2022-08-02,Houston,36.55598592761864,40.95625197622354,2.059849587352814,Cloudy
2022-08-03,Los Angeles,14.409201470412075,33.05057223783156,2.1943184197238805,Cloudy
2022-08-03,New York,29.09058484997484,87.41510098083445,1.424650269621178,Windy
2022-08-03,Houston,93.36899359221206,42.4250410389994,6.45838308631987,Foggy
2022-08-04,Los Angeles,84.25017224682988,64.98610477609833,2.033334831853743,Foggy
2022-08-04,New York,35.586875738662634,31.29028904152068,2.1945594743438295,Sunny
2022-08-04,Houston,92.06365742680475,29.919112666184937,1.8397701282782584,Foggy
2022-08-05,Los Angeles,43.784721892216155,47.8066690572814,3.715990145800382,Snowy
2022-08-05,New York,38.104415354845585,46.42825264480138,8.934629324935951,Foggy
2022-08-05,Houston,26.3774184714407,46.30825870491263,3.4185988770487863,Rainy
2022-08-06,Los Angeles,87.0304966303646,68.0746229615805,2.7740255121312782,Snowy
2022-08-06,New York,93.9463917764156,45.279212483235554,0.6393869459941038,Snowy
2022-08-06,Houston,40.52032372826727,81.4988695179817,3.285755772933027,Cloudy
2022-08-07,Los Angeles,70.97786429203258,27.253661459731305,2.164198342260488,Sunny
2022-08-07,New York,41.15957619457392,45.98286861901029,7.110913844307932,Foggy
2022-08-07,Houston,22.50424988374187,73.53545028016501,1.0404388246497744,Foggy
2022-08-08,Los Angeles,45.80807685746824,68.2345688382024,1.3391884908018954,Cloudy
2022-08-08,New York,58.67716682165526,29.56124946936443,2.5958733625040176,Windy
2022-08-08,Houston,23.964357493296035,55.157879450787,2.6845727845636183,Sunny
2022-08-09,Los Angeles,80.28009475797064,44.73771702996294,7.888040172297006,Snowy
2022-08-09,New York,54.286412468356446,70.5496345851818,7.375210753384436,Foggy
2022-08-09,Houston,32.98501915287041,30.389622365824287,5.393211030605461,Sunny
2022-08-10,Los Angeles,62.01352586197841,73.64527383869661,2.68980953957919,Snowy
2022-08-10,New York,78.25400379040657,57.10660250158318,2.9721264181960128,Snowy
2022-08-10,Houston,40.53757227321004,41.99119903354056,5.519808926163613,Snowy
2022-08-11,Los Angeles,70.81958227644814,79.79551949312608,6.8959743522938615,Sunny
2022-08-11,New York,48.656593578435675,35.03278842505969,3.580010889011885,Windy
2022-08-11,Houston,92.08814467649367,32.17903508504414,4.749406009511761,Foggy
2022-08-12,Los Angeles,76.44614701482126,21.228474925163667,8.27697057120685,Snowy
2022-08-12,New York,42.864423104283695,88.90402850501616,6.056417916356614,Sunny
2022-08-12,Houston,15.43758468400273,59.38924325707502,4.991629816455112,Foggy
2022-08-13,Los Angeles,67.25911152581466,61.33724874572364,0.6638335785329715,Snowy
2022-08-13,New York,30.027644845373036,29.181009336466825,1.6405612223647852,Snowy
2022-08-13,Houston,23.872213227579753,28.622090883810188,1.873355121406465,Snowy
2022-08-14,Los Angeles,89.4738925631403,46.702672391576236,5.808094164440622,Foggy
2022-08-14,New York,94.99586658740827,61.298451521488914,1.0076719295911194,Rainy
2022-08-14,Houston,35.860994465715194,76.06977752346796,0.2702485703302984,Windy
2022-08-15,Los Angeles,38.44325272544098,59.941628521034275,3.358670795380458,Sunny
2022-08-15,New York,27.364104078291668,86.52467448312325,6.700173699137944,Snowy
2022-08-15,Houston,51.07246685029953,50.19138653975912,6.461475667980374,Sunny
2022-08-16,Los Angeles,84.13334454669555,22.247039356376117,7.388135538926479,Foggy
2022-08-16,New York,70.8219821221151,54.09218200208902,6.489427128694756,Sunny
2022-08-16,Houston,82.55285620420361,26.80021034538928,5.716168098917535,Rainy
2022-08-17,Los Angeles,32.50701410956002,45.76435418909533,4.531305423365922,Rainy
2022-08-17,New York,73.16694146008689,98.8123746494726,1.9433221484989616,Cloudy
2022-08-17,Houston,88.40065690008088,88.58834056968347,5.299189110235239,Sunny
2022-08-18,Los Angeles,36.79470525136562,38.91645705271512,5.933702346284477,Sunny
2022-08-18,New York,69.94293703088599,50.0769945050167,1.1533577358057097,Snowy
2022-08-18,Houston,46.453250346878214,54.493210475544856,5.267492504027527,Windy
2022-08-19,Los Angeles,37.50835825787273,81.10947021601487,0.9110732349868554,Snowy
2022-08-19,New York,92.5395009691023,22.676570225645207,5.099064895889807,Foggy
2022-08-19,Houston,42.23929162743171,23.08982160223227,1.4812138534671648,Windy
2022-08-20,Los Angeles,22.73582418211567,29.369429402297236,1.1092735026358362,Rainy
2022-08-20,New York,45.47572597924718,70.26599860680594,1.0541564235806056,Snowy
2022-08-20,Houston,50.26194156775857,53.16372937955578,8.491270644885802,Sunny
2022-08-21,Los Angeles,74.92907686543828,87.91405030098672,5.574511717991121,Snowy
2022-08-21,New York,90.94305562270722,42.724631218226975,2.3316206306019795,Sunny
2022-08-21,Houston,80.18161568733123,59.140162384754696,0.6659439115023577,Windy
2022-08-22,Los Angeles,89.40624621166359,76.54285772237955,4.997513763034255,Snowy
2022-08-22,New York,52.47987052796942,63.61609577320074,1.3496455022504015,Windy
2022-08-22,Houston,72.26464202715118,45.34399822055675,7.255155146307885,Snowy
2022-08-23,Los Angeles,39.0330163860046,32.20342148906806,4.624022301484824,Cloudy
2022-08-23,New York,19.636555790040454,63.248273489952965,6.770914050490351,Snowy
2022-08-23,Houston,43.60335555140548,31.37252018097186,3.6883954865320576,Cloudy
2022-08-24,Los Angeles,70.53113349459211,95.14435677531564,6.546044792212471,Snowy
2022-08-24,New York,36.24439093009154,63.19124884885123,6.380992608228207,Cloudy
2022-08-24,Houston,83.77387754696319,33.9932243885541,5.232716259423119,Windy
2022-08-25,Los Angeles,78.05260084861504,77.6514037533526,7.882771233247067,Foggy
2022-08-25,New York,29.717446483952838,28.283775545581776,5.428982803543238,Snowy
2022-08-25,Houston,40.79777776175534,81.73158319792161,5.388315660850035,Windy
2022-08-26,Los Angeles,80.84951202147644,56.58312888632349,2.8705765708861977,Snowy
2022-08-26,New York,33.75896095041525,30.61295644100256,8.68216470125608,Rainy
2022-08-26,Houston,40.85977379903758,22.97688290470412,4.8200329907392065,Sunny
2022-08-27,Los Angeles,41.78842152627003,99.4702394951924,3.6510019273672145,Foggy
2022-08-27,New York,78.88440425388711,41.9494632070105,5.048412185258329,Sunny
2022-08-27,Houston,16.99945151400636,96.17988976573649,1.3537387948161381,Foggy
2022-08-28,Los Angeles,19.976745632834557,60.14690693896406,2.4711170057286025,Foggy
2022-08-28,New York,60.85457540119794,60.24123071403852,2.8584482306747403,Rainy
2022-08-28,Houston,46.1660712706814,27.285577469770672,4.801570793474502,Snowy
2022-08-29,Los Angeles,65.26371088846732,96.056465507038,6.482553934709581,Rainy
2022-08-29,New York,35.58336337053001,78.63166916400695,2.676889216421412,Rainy
2022-08-29,Houston,87.67619687600641,61.49822705276409,1.265415786675975,Sunny
2022-08-30,Los Angeles,75.63629286113095,29.62057112591088,5.212229421738508,Rainy
2022-08-30,New York,19.48744386458208,34.05412555906284,7.965819305604713,Foggy
2022-08-30,Houston,77.49634366008777,54.5733284113427,3.898159346079286,Sunny
2022-08-31,Los Angeles,92.53617215729234,48.98070565857736,4.434472323080169,Foggy
2022-08-31,New York,90.33728526758532,64.65104054970662,2.6955867360926864,Cloudy
2022-08-31,Houston,73.57418764006127,26.107517980576702,7.538791020585294,Snowy
2022-09-01,Los Angeles,24.011094031978462,23.227681545467185,1.1246654666752443,Snowy
2022-09-01,New York,60.66221803307678,60.888246935204336,1.5946435140160262,Sunny
2022-09-01,Houston,37.02285103607959,22.28011047432578,9.320160606388205,Foggy
2022-09-02,Los Angeles,92.58724843453602,24.764156320814088,6.358636266407361,Foggy
2022-09-02,New York,72.11634375429036,50.10731665523251,5.108158078904658,Sunny
2022-09-02,Houston,63.47201277278096,24.942325578784157,7.410855284864484,Cloudy
2022-09-03,Los Angeles,70.30213145098283,50.837570129308006,9.291507716124727,Sunny
2022-09-03,New York,49.47630945788412,39.34004127275492,1.7790561414977109,Rainy
2022-09-03,Houston,44.191676866446144,35.02162376872701,7.376230258289371,Rainy
2022-09-04,Los Angeles,89.7997659346371,52.37438651890103,3.189143931289,Rainy
2022-09-04,New York,40.88609791820762,29.592312450500565,6.815501770529744,Windy
2022-09-04,Houston,17.356326670350263,47.97114936954166,6.59578848839814,Cloudy
2022-09-05,Los Angeles,46.468052486511056,54.78989034932823,9.305000055351925,Sunny
2022-09-05,New York,78.01756856235545,86.40023575681103,1.0427107308251495,Windy
2022-09-05,Houston,66.52593700196248,94.62449459857778,0.019809880538109847,Cloudy
2022-09-06,Los Angeles,91.93583281370783,44.66707475729861,6.96977370839817,Snowy
2022-09-06,New York,22.60235127715015,43.411363979234906,5.301322237503718,Foggy
2022-09-06,Houston,87.83525048058004,65.32146194169745,6.43933721648494,Sunny
2022-09-07,Los Angeles,43.87678470703903,30.99315411202591,7.023279066226705,Rainy
2022-09-07,New York,52.3942094191749,47.976974778244596,4.599759893752547,Cloudy
2022-09-07,Houston,48.707054513627995,24.25731033295259,3.3231032153848954,Foggy
2022-09-08,Los Angeles,23.432634768487755,50.32545150257021,7.180338522715045,Cloudy
2022-09-08,New York,34.071512913740285,29.132107657848838,3.5430257085773236,Foggy
2022-09-08,Houston,74.12399710761315,64.94503294418368,5.799183490282941,Cloudy
2022-09-09,Los Angeles,15.86361088950131,71.32749875165294,8.327048941530881,Rainy
2022-09-09,New York,24.844909725288236,98.96732293413567,1.4762980111666821,Windy
2022-09-09,Houston,16.042023672099354,35.6110929807552,0.08301044217338316,Foggy
2022-09-10,Los Angeles,83.44843264320748,36.57617190419711,2.393116683857203,Sunny
2022-09-10,New York,64.00331105032416,95.79356148718121,7.432889084570255,Sunny
2022-09-10,Houston,27.764221631603267,89.17126707654548,5.283135244496306,Cloudy
2022-09-11,Los Angeles,76.27055006735404,69.28432395497751,8.818753829038123,Windy
2022-09-11,New York,92.31084839357585,87.31257894001672,5.106496159577273,Foggy
2022-09-11,Houston,89.69939033693147,36.77537157771908,2.477232652207376,Windy
2022-09-12,Los Angeles,88.64535137278538,89.92230582907487,7.138483764994967,Cloudy
2022-09-12,New York,14.6326274478652,89.38460077397124,6.128741112695939,Foggy
2022-09-12,Houston,61.71009260780757,39.84897987840501,7.649232600940363,Sunny
2022-09-13,Los Angeles,34.787241947761366,60.66986514079038,6.226123215667884,Sunny
2022-09-13,New York,59.736424359098564,94.38194111128036,4.212420127834742,Foggy
2022-09-13,Houston,39.76045342200493,74.33199969339881,2.5825670276614185,Foggy
2022-09-14,Los Angeles,26.44698996458162,72.84152842565925,0.5182277459120881,Foggy
2022-09-14,New York,50.00399159202608,64.78116804514927,2.8701398589171725,Sunny
2022-09-14,Houston,54.10280250128624,41.50652517546001,0.43115514696071155,Foggy
2022-09-15,Los Angeles,94.17100605465758,98.27322972090072,4.008095264703964,Foggy
2022-09-15,New York,17.43341861522175,55.80077164977463,2.1045827557694947,Windy
2022-09-15,Houston,38.3935711106794,44.916007724237105,6.558393270180028,Cloudy
2022-09-16,Los Angeles,83.00340145215414,78.28645677454217,2.052188268374094,Windy
2022-09-16,New York,67.43533534820946,68.6163850608374,0.7589907164653654,Cloudy
2022-09-16,Houston,80.96132557951756,47.37930465636901,7.818064555150042,Cloudy
2022-09-17,Los Angeles,67.483564403342,44.30332726856299,0.5595401765086163,Snowy
2022-09-17,New York,75.52244104083677,37.160534813002585,6.999357132666799,Cloudy
2022-09-17,Houston,53.92666174976164,26.278914939220755,8.662769163458004,Sunny
2022-09-18,Los Angeles,30.595093124705397,70.0568725215407,0.9985039140624667,Sunny
2022-09-18,New York,79.61031272781318,60.45549105150042,5.216421318760331,Foggy
2022-09-18,Houston,59.9934730277815,38.787872860227694,4.210348165152681,Windy
2022-09-19,Los Angeles,25.299920696733203,24.409962046669015,7.444429018418378,Windy
2022-09-19,New York,79.19641617654015,21.512085461101094,5.811185923099137,Foggy
2022-09-19,Houston,91.64545873936883,79.07967437320939,2.593665653334804,Windy
2022-09-20,Los Angeles,42.03927368290573,35.0602551324136,0.013691967235360905,Foggy
2022-09-20,New York,37.77449241900192,41.33148955116053,4.500600053069722,Rainy
2022-09-20,Houston,20.623789434812853,21.12897550244771,8.33359995542566,Windy
2022-09-21,Los Angeles,67.82378934240266,32.05112438657431,8.43849627759849,Sunny
2022-09-21,New York,91.67589109821623,89.95565740499967,1.1678386748539926,Rainy
2022-09-21,Houston,25.015407889320215,39.36486677939662,8.021995618269539,Foggy
2022-09-22,Los Angeles,53.29793013686455,96.31665587864576,0.3209190373027836,Sunny
2022-09-22,New York,21.957292956913076,33.147747072011114,0.8607474235113449,Windy
2022-09-22,Houston,16.76290220049508,40.260916692771545,9.005723885996128,Cloudy
2022-09-23,Los Angeles,67.82458510407928,89.4167974781594,3.6067548716103537,Foggy
2022-09-23,New York,84.28266120282333,54.12866709534569,0.6597459097049674,Windy
2022-09-23,Houston,41.34321342620841,41.426315135488466,4.384909709850029,Windy
2022-09-24,Los Angeles,84.93697912721804,75.42510101761437,0.43002309134410227,Foggy
2022-09-24,New York,23.481301031233585,24.098272318579184,0.1525790927995492,Foggy
2022-09-24,Houston,33.27481523531557,91.24841412628037,5.23582952722189,Foggy
2022-09-25,Los Angeles,87.0301448794442,87.32492362853277,1.9685613000044855,Windy
2022-09-25,New York,55.18930138894429,26.86376281059487,5.796576717439873,Rainy
2022-09-25,Houston,63.263583087558956,83.88949972995957,3.1195862441071824,Snowy
2022-09-26,Los Angeles,17.079476835943144,96.89363535065566,1.2347607960080778,Cloudy
2022-09-26,New York,24.399582721979,59.365569532391476,9.175181505738006,Windy
2022-09-26,Houston,18.519055812569107,65.45226801008303,2.329595209192895,Foggy
2022-09-27,Los Angeles,87.30505993592321,74.3837392180742,0.5776620184990451,Rainy
2022-09-27,New York,24.91839207354671,41.33815545728088,2.598914842957482,Cloudy
2022-09-27,Houston,82.82349895530912,71.97290071906998,2.3459867315215557,Rainy
2022-09-28,Los Angeles,42.433810649168706,57.989400008235364,2.7928728554697284,Foggy
2022-09-28,New York,78.84839720562817,52.44334436908626,3.3150847907315835,Cloudy
2022-09-28,Houston,43.568527343996536,92.22412476700039,7.504594403192724,Rainy
2022-09-29,Los Angeles,35.68240721512299,83.83224879587871,0.5572247212398244,Rainy
2022-09-29,New York,21.586516796313635,94.76861025629017,3.304444795971447,Snowy
2022-09-29,Houston,36.73723383650483,86.9321459909685,0.9669670766677301,Rainy
2022-09-30,Los Angeles,52.189857054099676,23.344848092264108,9.154627682664213,Snowy
2022-09-30,New York,80.21821271064043,68.52235128606587,1.341897889196665,Snowy
2022-09-30,Houston,50.65371133626452,75.81095052123767,4.464876340361795,Snowy
2022-10-01,Los Angeles,92.686281569947,73.188598057304,4.474276016407854,Cloudy
2022-10-01,New York,57.87227387924066,41.756514780668056,7.281022269545881,Foggy
2022-10-01,Houston,16.02059601472692,54.05042811719933,2.5365532828525055,Cloudy
2022-10-02,Los Angeles,47.64475131549307,23.12233104668767,6.876469194284857,Rainy
2022-10-02,New York,69.80082769830761,27.52753021565386,0.24549025247870523,Rainy
2022-10-02,Houston,32.97762334623581,64.8409520495347,8.641565918870326,Foggy
2022-10-03,Los Angeles,70.58902601870085,66.59294115724641,0.9223225796667539,Sunny
2022-10-03,New York,54.79948171970281,36.0983432498911,4.481602649478117,Foggy
2022-10-03,Houston,16.084759822232336,55.856217899323696,1.6164629153867853,Cloudy
2022-10-04,Los Angeles,76.72258890789666,57.76618077989292,3.435716592518207,Rainy
2022-10-04,New York,59.390270008940085,20.90694220281442,5.983993957883592,Windy
2022-10-04,Houston,20.681973749568563,31.401662664199435,1.3279211675593894,Rainy
2022-10-05,Los Angeles,52.49233671044411,69.9440045826143,2.694654752065487,Sunny
2022-10-05,New York,37.27072342375448,99.42560862380937,6.330363078814689,Sunny
2022-10-05,Houston,85.25420494962258,72.0313398349949,7.87163235127469,Foggy
2022-10-06,Los Angeles,37.07909127738715,29.617333375028796,5.526142132813221,Windy
2022-10-06,New York,90.27665274891011,85.71522376792853,4.874512566736382,Snowy
2022-10-06,Houston,58.23675269711611,54.52301769452673,1.021617923448234,Cloudy
2022-10-07,Los Angeles,40.212710473284424,26.69601673715554,1.3658398970372194,Foggy
2022-10-07,New York,79.89714641082377,67.9859666660818,8.930884957313065,Rainy
2022-10-07,Houston,70.48943064762703,38.243687853193514,0.02446517902552319,Windy
2022-10-08,Los Angeles,47.53096215136624,53.34253979036235,4.515055853315825,Rainy
2022-10-08,New York,64.99908251923405,45.4635399899481,7.04953925401822,Windy
2022-10-08,Houston,77.0653253862908,71.42831580057916,1.956974070634581,Windy
2022-10-09,Los Angeles,82.97618133696264,54.48277382452976,4.283393489675413,Windy
2022-10-09,New York,80.12942981083916,28.318567457318117,4.595608879182344,Cloudy
2022-10-09,Houston,27.452244176066856,37.254045290564335,2.4270486341723427,Snowy
2022-10-10,Los Angeles,81.09955375279044,60.035621891044926,8.19045815439361,Windy
2022-10-10,New York,18.748953769585544,83.13473816566078,8.622978311514947,Foggy
2022-10-10,Houston,30.213825205596056,20.77946121901082,6.984242821223953,Sunny
2022-10-11,Los Angeles,64.45706432534512,68.99418271915201,0.08049791447719822,Windy
2022-10-11,New York,23.29009456119925,29.270540694053295,5.861941634211884,Snowy
2022-10-11,Houston,62.871155199552206,68.32395390145356,2.163413752784594,Cloudy
2022-10-12,Los Angeles,38.94522100044867,86.94461083825992,2.4903119822745587,Rainy
2022-10-12,New York,48.786793397526516,38.2786373181548,1.713156708940953,Windy
2022-10-12,Houston,39.52727177908372,59.64118019818142,5.335197925672509,Sunny
2022-10-13,Los Angeles,19.68405899705726,81.92423406756281,4.16367026952721,Cloudy
2022-10-13,New York,54.56145898667883,34.04619834036965,1.8041268630449168,Cloudy
2022-10-13,Houston,92.05155499598588,32.204891416156926,8.692740419233527,Rainy
2022-10-14,Los Angeles,63.5544512009703,92.40366949114082,2.2296949500187258,Windy
2022-10-14,New York,38.30258160098715,75.57173210991172,7.258286568166858,Snowy
2022-10-14,Houston,91.44813656404554,78.92586904337773,0.23013314072246838,Foggy
2022-10-15,Los Angeles,45.528217408130416,87.51749020896322,1.7101382775181833,Windy
2022-10-15,New York,70.49893644337632,63.15406247080091,7.632294408550222,Cloudy
2022-10-15,Houston,65.363137198718,59.0724399353971,4.999798583864099,Windy
2022-10-16,Los Angeles,91.18577869114696,64.50058812667041,6.022087265308484,Foggy
2022-10-16,New York,88.08281825408179,77.36143751457126,3.997575335185674,Foggy
2022-10-16,Houston,25.98832856435253,51.27498441218091,4.06033758086902,Cloudy
2022-10-17,Los Angeles,20.940555853083218,27.61345973735871,1.1688362618695116,Sunny
2022-10-17,New York,79.5810285517052,30.847750766630774,1.5937480712701995,Snowy
2022-10-17,Houston,87.30040027704266,97.91223664339229,8.56557198992774,Cloudy
2022-10-18,Los Angeles,53.93086191775486,24.137412987262596,4.265389755892024,Snowy
2022-10-18,New York,69.95166318053577,76.92954699593193,4.403548366836463,Foggy
2022-10-18,Houston,19.652850694451875,95.49452227368026,6.2105792802751125,Foggy
2022-10-19,Los Angeles,31.80415622637422,30.340763779246647,0.13167120270547455,Windy
2022-10-19,New York,26.099471767194412,77.78115022816625,4.965010481860928,Snowy
2022-10-19,Houston,62.69400726755275,44.196527838424856,8.25182755821057,Snowy
2022-10-20,Los Angeles,30.00073139505468,38.95720146489311,3.8895137184499626,Rainy
2022-10-20,New York,18.8475515596189,88.20980865704604,3.8456994611753177,Foggy
2022-10-20,Houston,38.478789901616864,92.7482953268787,4.225107693226248,Sunny
2022-10-21,Los Angeles,68.85420675823016,47.76404075139041,7.970034262001027,Snowy
2022-10-21,New York,60.80696166521022,70.6118029367414,5.6855547737071745,Cloudy
2022-10-21,Houston,40.7887222050655,34.075010746756895,6.965732669345503,Foggy
2022-10-22,Los Angeles,81.51178894331349,83.18075491410022,6.693565222054362,Windy
2022-10-22,New York,36.377797748979255,90.49919103005651,0.4740415977213575,Windy
2022-10-22,Houston,35.10435870762029,45.493788174522294,9.10339234940764,Rainy
2022-10-23,Los Angeles,59.35574027395664,72.23735873979854,6.582259174346979,Cloudy
2022-10-23,New York,52.73546682750783,90.1134158313194,5.407095065149723,Foggy
2022-10-23,Houston,50.12378550862922,21.22999249998052,0.421071249898343,Rainy
2022-10-24,Los Angeles,26.61863513527944,88.4588209663804,8.55703540982874,Sunny
2022-10-24,New York,54.87634152227228,65.76914753376437,4.3765348280301835,Foggy
2022-10-24,Houston,34.98053229931098,53.12123078201209,8.492827818501809,Rainy
2022-10-25,Los Angeles,45.76657049214025,61.8092677479001,3.8997890208273565,Snowy
2022-10-25,New York,73.41920626131912,85.92496064495936,5.38080877851844,Snowy
2022-10-25,Houston,89.88588887030781,77.77036396400237,8.329956053782059,Snowy
2022-10-26,Los Angeles,76.68290018033528,60.10118805457995,4.2952046638629575,Sunny
2022-10-26,New York,46.85634546448436,59.012186074993764,1.6733341130066157,Windy
2022-10-26,Houston,62.03568428562987,91.94061701563069,3.961845154689116,Cloudy
2022-10-27,Los Angeles,74.46632308593202,38.587376288288624,3.556975802897412,Cloudy
2022-10-27,New York,47.551905057767215,27.656135664731174,6.812056700624878,Sunny
2022-10-27,Houston,43.18010086379639,74.29104949563455,7.836112414143257,Foggy
2022-10-28,Los Angeles,24.954706972424923,76.17693697646115,0.10562308744441912,Cloudy
2022-10-28,New York,73.63712491954593,65.47088214567668,4.611956620282412,Cloudy
2022-10-28,Houston,81.91919585541761,41.00292360625248,2.4910798119603483,Sunny
2022-10-29,Los Angeles,39.64333729342618,43.67624483238131,1.5326055722666327,Sunny
2022-10-29,New York,77.46412901704537,69.36345830893657,6.204752945467389,Snowy
2022-10-29,Houston,63.42725772529598,41.836667387842596,7.787757459009774,Windy
2022-10-30,Los Angeles,77.51072675866277,59.969696992075264,5.074169216431543,Sunny
2022-10-30,New York,47.31832803512282,46.565947990766965,1.8062710375081579,Sunny
2022-10-30,Houston,74.55368545561814,60.83505409077195,7.002403723871256,Rainy
2022-10-31,Los Angeles,47.08923854970771,38.349111975154756,4.85911502764064,Foggy
2022-10-31,New York,21.189396818975684,35.844838265222656,7.499681962274858,Rainy
2022-10-31,Houston,58.59689236893047,78.71986718503277,8.991761811075278,Sunny
2022-11-01,Los Angeles,50.800626837480294,50.858202988832524,3.9085881762784194,Windy
2022-11-01,New York,34.483270863327746,38.60529529317716,2.973279765742013,Foggy
2022-11-01,Houston,86.2611801323083,88.67363211857281,2.629140399262533,Rainy
2022-11-02,Los Angeles,45.0111177484161,52.13603812161571,6.440384276551858,Rainy
2022-11-02,New York,17.16921502601479,29.269613220843816,9.05844655497164,Foggy
2022-11-02,Houston,44.95299495640982,76.64383710764419,2.663994139933526,Snowy
2022-11-03,Los Angeles,48.38529443992995,42.39775913933634,4.308694157184232,Sunny
2022-11-03,New York,83.79265557872694,65.2193796287233,5.371729861598928,Foggy
2022-11-03,Houston,78.73383985650852,69.89544322097274,8.891106835381771,Rainy
2022-11-04,Los Angeles,30.197293458541868,97.00594968735363,2.3035325840561645,Cloudy
2022-11-04,New York,81.96136730266853,35.288096049213365,8.962962655923478,Foggy
2022-11-04,Houston,34.08210548854688,42.73376458162707,4.88421927633085,Windy
2022-11-05,Los Angeles,41.69666600130773,94.57758656626565,6.788978025312429,Rainy
2022-11-05,New York,20.222294772176795,77.46343250512007,7.282538615398656,Snowy
2022-11-05,Houston,18.48386136388347,55.94647975801698,1.5342510175318982,Rainy
2022-11-06,Los Angeles,69.14966978570213,78.78187177834315,9.085170449303813,Cloudy
2022-11-06,New York,88.79062784626038,53.07080985677062,9.097995293298574,Cloudy
2022-11-06,Houston,53.93436519326412,52.804121710318256,8.073194301078386,Cloudy
2022-11-07,Los Angeles,82.37159066864523,32.51334033792911,7.860543375675825,Cloudy
2022-11-07,New York,78.29385122510492,61.76385972742263,3.0409687499237394,Sunny
2022-11-07,Houston,67.83897659388768,41.013153134802224,7.941740831285616,Snowy
2022-11-08,Los Angeles,93.23654342054006,70.68747487626396,8.27971846571251,Foggy
2022-11-08,New York,78.97722159098727,51.888494627149164,2.484177112871636,Windy
2022-11-08,Houston,36.26239593135517,88.29768261834387,1.5906123904839793,Windy
2022-11-09,Los Angeles,77.91015394390975,81.70900729044189,7.0554696350125115,Rainy
2022-11-09,New York,70.1055933489962,31.83465865548473,5.384819359526078,Sunny
2022-11-09,Houston,46.36115617754449,67.28735705484921,1.005345965171591,Rainy
2022-11-10,Los Angeles,20.220595088396315,77.09924963870435,3.7236179038850006,Windy
2022-11-10,New York,31.363121899066073,61.15527292878604,3.0944270689126587,Foggy
2022-11-10,Houston,78.57626922311175,29.11578255926632,6.158011676761695,Sunny
2022-11-11,Los Angeles,34.12730833901998,60.259791529914835,3.9184135643608773,Sunny
2022-11-11,New York,94.82649662489119,54.631919172503814,6.046029613303754,Windy
2022-11-11,Houston,70.21303933907211,46.06035487891386,7.450748448747681,Rainy
2022-11-12,Los Angeles,52.655020938126235,66.60284572369174,6.590315683108177,Foggy
2022-11-12,New York,60.20537190716609,45.98978663901128,5.755778303366635,Sunny
2022-11-12,Houston,63.48069060685633,38.844534960423246,8.44879139621773,Rainy
2022-11-13,Los Angeles,92.4845304226425,78.87210203075048,2.3094659693338495,Sunny
2022-11-13,New York,27.101036765153076,37.06968171060338,4.730713338731492,Snowy
2022-11-13,Houston,36.06406001552112,84.42306043454691,7.047387809082797,Rainy
2022-11-14,Los Angeles,71.47687488567072,98.3328804974704,2.0881271593998068,Cloudy
2022-11-14,New York,33.42849663462881,55.29909731625274,1.973104346742002,Rainy
2022-11-14,Houston,84.57507013836607,84.99139087934934,6.377811395107993,Windy
2022-11-15,Los Angeles,42.06926822830761,33.469418271185496,7.2759980020553785,Foggy
2022-11-15,New York,28.647991393181346,83.7842801760643,8.26142062315181,Sunny
2022-11-15,Houston,17.8572816288353,96.9973726826987,4.178536878345442,Rainy
2022-11-16,Los Angeles,62.243198265753946,61.361871533592236,6.676284288226329,Windy
2022-11-16,New York,80.84785735391868,40.45758433663515,1.5933464318994002,Foggy
2022-11-16,Houston,36.17724200305209,32.86610146213012,2.9337340713498934,Snowy
2022-11-17,Los Angeles,88.32069838696444,93.33014634270916,5.8917231373192775,Rainy
2022-11-17,New York,75.3764758795584,45.96580309493554,1.378358258907433,Rainy
2022-11-17,Houston,18.965355282401564,59.760298470645274,8.907499823185333,Sunny
2022-11-18,Los Angeles,60.38327273065474,54.674524093747664,1.1917039324637735,Cloudy
2022-11-18,New York,59.962716166346524,54.817241636508584,7.239880919893941,Sunny
2022-11-18,Houston,30.3921566998144,81.22066083609978,2.969661147931814,Cloudy
2022-11-19,Los Angeles,41.09809467192344,94.81266554520221,6.8310913112866265,Foggy
2022-11-19,New York,51.120590380284746,70.94197417824536,3.772570525562457,Sunny
2022-11-19,Houston,17.894303520230896,96.57105779577705,6.968323247986505,Windy
2022-11-20,Los Angeles,26.131889152156916,35.2355734886427,8.391662045180095,Windy
2022-11-20,New York,27.284355517955255,65.11498213027174,5.556392720039809,Snowy
2022-11-20,Houston,44.718096110967664,74.84055883027128,1.5279022021862023,Windy
2022-11-21,Los Angeles,74.53595415280301,77.19810637009255,8.864504395684651,Windy
2022-11-21,New York,81.33559638687797,80.46779608797638,4.963066486479542,Cloudy
2022-11-21,Houston,27.19077272738015,46.652008130733165,2.2315985889148395,Rainy
2022-11-22,Los Angeles,74.90438891654836,90.57556636020712,3.806773202671794,Foggy
2022-11-22,New York,68.32750662944171,30.53644499615207,6.72098999896595,Snowy
2022-11-22,Houston,86.14567874502414,42.28285714792097,8.71752825089349,Windy
2022-11-23,Los Angeles,92.47209156955893,57.497120046130014,8.449896702405232,Foggy
2022-11-23,New York,24.081309313605225,67.35984740702816,1.3075755198859247,Sunny
2022-11-23,Houston,20.53458277508615,43.622734531433316,8.125571494382706,Cloudy
2022-11-24,Los Angeles,78.77814044511275,92.62605159610872,5.500691565003991,Cloudy
2022-11-24,New York,27.135840719954533,56.14774652140725,3.818444082315318,Cloudy
2022-11-24,Houston,29.760536464833756,28.026986729254784,4.3281630341561055,Rainy
2022-11-25,Los Angeles,85.44490972459198,85.52414126290165,7.406230169850385,Rainy
2022-11-25,New York,90.05615666530453,97.23631166006302,7.87378103795569,Cloudy
2022-11-25,Houston,39.7961707577609,47.70621200686759,6.1319707712156575,Rainy
2022-11-26,Los Angeles,82.2156161354775,64.37148676681741,0.544892281650525,Foggy
2022-11-26,New York,83.56740967465574,66.64564822302015,7.535338217075866,Foggy
2022-11-26,Houston,63.03662892066494,84.1296735041105,0.23995061762955205,Foggy
2022-11-27,Los Angeles,59.853164293114745,32.147061908926034,3.6142181726434797,Foggy
2022-11-27,New York,60.642911148894385,87.30032512240359,4.13989147407925,Snowy
2022-11-27,Houston,38.40442419906055,77.72876010010553,4.717200339903325,Sunny
2022-11-28,Los Angeles,64.12823015405826,22.793607675297444,2.385630234516929,Sunny
2022-11-28,New York,33.73000195979417,65.35321370177867,3.9059336760630576,Cloudy
2022-11-28,Houston,28.38821549612431,22.242701368716958,7.338066159414894,Snowy
2022-11-29,Los Angeles,47.448986808344515,59.715195786883186,2.5283561758161914,Windy
2022-11-29,New York,71.16821426173925,67.9530494254234,7.579956588256786,Snowy
2022-11-29,Houston,64.3356426754686,70.79037645033443,0.11721403549787276,Snowy
2022-11-30,Los Angeles,92.1554484265159,94.1502934950169,1.330966120943394,Rainy
2022-11-30,New York,66.36292882062352,43.764561508862705,8.624325078191662,Rainy
2022-11-30,Houston,25.446438033469555,87.56526877907964,4.384393116298919,Snowy
2022-12-01,Los Angeles,27.05867527669396,56.17769706963317,0.4734627045669632,Cloudy
2022-12-01,New York,21.538438346304403,73.3551887670759,5.6896760149281675,Rainy
2022-12-01,Houston,29.485074964758052,84.63547383381065,4.250243264211554,Foggy
2022-12-02,Los Angeles,62.43402295500881,77.92329327270497,0.8256871252656668,Rainy
2022-12-02,New York,81.90120447620004,83.64004711111502,3.243207034956033,Snowy
2022-12-02,Houston,86.40327981746404,70.885560576576,5.72679825691693,Cloudy
2022-12-03,Los Angeles,46.403554821488925,84.06244871239427,5.85059829064662,Rainy
2022-12-03,New York,59.245225315565776,92.72107814189101,8.266437336137397,Cloudy
2022-12-03,Houston,79.54516696421588,92.35350732412653,4.590435018990899,Rainy
2022-12-04,Los Angeles,39.277712216808695,46.23105756033394,0.9762154163844451,Foggy
2022-12-04,New York,62.2491893595343,97.75782618842035,1.0583791154297992,Windy
2022-12-04,Houston,28.10068339534692,24.613359704965152,3.8848423125986473,Sunny
2022-12-05,Los Angeles,52.599767581965665,69.31221547457339,1.7272977194030834,Snowy
2022-12-05,New York,28.018853089440935,59.61796461615365,8.583810060737799,Sunny
2022-12-05,Houston,51.45653761423079,38.43808561276104,1.9766890460665751,Foggy
2022-12-06,Los Angeles,46.14239503317395,62.81184388639122,3.5079787803663844,Rainy
2022-12-06,New York,49.09445070353996,25.27637277600715,4.775688639755057,Cloudy
2022-12-06,Houston,33.740690314627955,64.29713260722195,3.079535529668903,Snowy
2022-12-07,Los Angeles,25.019510732658997,88.35723534990777,6.194412698040149,Snowy
2022-12-07,New York,36.32889156151074,31.277793005032066,5.641323751264512,Rainy
2022-12-07,Houston,33.40598317875664,46.02817493926974,8.755437658172491,Foggy
2022-12-08,Los Angeles,73.47799240934043,70.48986168414399,7.754328501168474,Cloudy
2022-12-08,New York,72.07498091150524,48.74410229497036,5.6199436111875585,Windy
2022-12-08,Houston,61.34312249490606,53.20024217181459,4.163605553989904,Cloudy
2022-12-09,Los Angeles,21.39803765167079,47.07607185280162,5.730047432874909,Sunny
2022-12-09,New York,59.86721019668267,58.61359164831687,5.80732714841355,Rainy
2022-12-09,Houston,20.41819910118842,49.855676298184406,2.512615542747567,Windy
2022-12-10,Los Angeles,15.472014561375264,31.539865859670027,1.6592244763876802,Snowy
2022-12-10,New York,42.560285326150115,35.90502369589393,4.83744364047854,Windy
2022-12-10,Houston,33.484138444175855,26.33972720186101,2.8638659799796593,Cloudy
2022-12-11,Los Angeles,62.166462196076445,57.412565417528015,3.5905654183735245,Sunny
2022-12-11,New York,89.2200415336387,87.6323147606987,0.015505912617113876,Sunny
2022-12-11,Houston,72.30801424946657,27.244086670815122,6.3536239015992,Sunny
2022-12-12,Los Angeles,76.15622981964995,72.69803980121345,0.5407368395273175,Windy
2022-12-12,New York,91.02234194002044,53.6178528362802,6.855009625021651,Cloudy
2022-12-12,Houston,65.36137755262197,89.71048172757897,1.9383033745569913,Windy
2022-12-13,Los Angeles,60.79620625419587,49.065083666457525,1.5357019895749253,Sunny
2022-12-13,New York,62.75130605216939,75.55547109855627,5.597523342137139,Sunny
2022-12-13,Houston,84.13022578196474,51.92897812288231,9.166523444415091,Cloudy
2022-12-14,Los Angeles,45.43602185176579,63.3558752790253,3.933927049661202,Sunny
2022-12-14,New York,78.42223425642833,81.9956513153849,8.102545196531654,Windy
2022-12-14,Houston,66.83281173315008,97.42856667595728,0.5763919006523751,Cloudy
2022-12-15,Los Angeles,38.670295613339036,30.790995805296546,4.741075556856452,Windy
2022-12-15,New York,15.108761289711424,62.32776486952362,6.35444305253857,Foggy
2022-12-15,Houston,31.003519197040518,30.581491390751783,3.4988396158976953,Foggy
2022-12-16,Los Angeles,70.69908993477576,22.440297611390303,1.206729099530895,Windy
2022-12-16,New York,60.95491508936402,79.8360496202568,0.1435967797486549,Rainy
2022-12-16,Houston,36.24217068544317,98.66170550753047,3.6046570817562937,Sunny
2022-12-17,Los Angeles,49.17850018348294,67.6322626509024,6.922742161017634,Foggy
2022-12-17,New York,67.55305001209446,25.794611600361286,9.2325018210178,Windy
2022-12-17,Houston,24.293977379681653,24.93823831293256,4.31609848883354,Cloudy
2022-12-18,Los Angeles,49.014646048948535,45.16378909342475,2.7487947222415197,Windy
2022-12-18,New York,47.746561413540334,50.47072483426898,3.2311308253009745,Foggy
2022-12-18,Houston,57.95068262973949,20.309318739281636,0.85684959918686,Sunny
2022-12-19,Los Angeles,56.275008097698105,87.41463225059991,4.195309638674406,Windy
2022-12-19,New York,43.78586149049582,57.48638131062242,5.845193094488313,Foggy
2022-12-19,Houston,75.78142393381624,99.65661456644138,5.812093803287505,Windy
2022-12-20,Los Angeles,19.445552239288315,90.73175480757962,0.1190145509208503,Windy
2022-12-20,New York,16.87861627528203,60.06210462494838,5.906739968082245,Foggy
2022-12-20,Houston,48.0410065074684,70.16465021423343,6.204573627928333,Rainy
2022-12-21,Los Angeles,86.63223426383595,45.16415994016689,4.679152248547487,Cloudy
2022-12-21,New York,36.4831173929032,44.268488353078894,8.80680892740147,Cloudy
2022-12-21,Houston,27.957055300509907,30.416396976856205,2.40512281087605,Cloudy
2022-12-22,Los Angeles,89.18487994067948,63.63201730841841,7.940337601126283,Snowy
2022-12-22,New York,27.62608362118819,26.53370120667894,1.6238434099119177,Foggy
2022-12-22,Houston,44.36208347379557,55.74877273827511,2.4415702306523457,Rainy
2022-12-23,Los Angeles,73.05025633725586,45.73795359415815,1.909772351477351,Snowy
2022-12-23,New York,35.134844686685746,83.24266683261895,8.251677911598982,Sunny
2022-12-23,Houston,32.61781175128819,50.51564910277748,7.396107674714274,Snowy
2022-12-24,Los Angeles,46.21104594845588,92.11962414799453,4.198763307334359,Snowy
2022-12-24,New York,77.77654998234283,35.162434407260875,3.5233886131644483,Sunny
2022-12-24,Houston,87.789651606163,94.4437259329648,0.12024730972578446,Sunny
2022-12-25,Los Angeles,16.534694760691675,67.46293156832442,6.542473561033332,Rainy
2022-12-25,New York,27.373758317125542,29.619328178069175,8.99376851750654,Sunny
2022-12-25,Houston,91.64670442089951,60.17201363999527,7.256239959504732,Foggy
2022-12-26,Los Angeles,62.016094615466436,41.43345499126086,2.1724058446523484,Windy
2022-12-26,New York,58.6642318014594,79.92291975701063,2.4653083763905235,Sunny
2022-12-26,Houston,79.89703802200356,72.10475510490366,3.94076158988109,Windy
2022-12-27,Los Angeles,17.222447140304034,25.018920905433014,3.800289655296266,Rainy
2022-12-27,New York,15.120736345010961,53.40369758946326,2.165518462072513,Snowy
2022-12-27,Houston,92.36701802582894,90.97089624862168,7.37832504629535,Cloudy
2022-12-28,Los Angeles,81.11422553138716,52.62615941152616,7.326762861340827,Windy
2022-12-28,New York,74.53792430621976,79.49044493233644,6.584707336141572,Windy
2022-12-28,Houston,26.611762381734202,29.07060569852419,0.04623560936371589,Sunny
2022-12-29,Los Angeles,52.604917766504066,89.35333015230258,8.55048405982787,Windy
2022-12-29,New York,89.92077662383365,60.194541070801705,3.146232259919118,Sunny
2022-12-29,Houston,89.62156724554032,95.80577345840673,0.2686070824184625,Cloudy
2022-12-30,Los Angeles,14.749015665341833,62.98569375223629,5.941105540653801,Windy
2022-12-30,New York,74.95180412949875,81.53805471159795,6.87484217456638,Cloudy
2022-12-30,Houston,14.505259082183539,97.76911167393719,6.253735749273719,Cloudy
2022-12-31,Los Angeles,93.72843994131509,78.34776079439698,3.6435603002546926,Sunny
2022-12-31,New York,47.774343361651574,66.18186690886792,8.02655368360771,Snowy
2022-12-31,Houston,92.85501939638809,49.33665116874621,3.3228607441300926,Snowy
