date,zone,peak_price_mwh,peak_load_mw
2024-01-01,HOUSTON,43.87,41509.0
2024-01-01,NORTH,46.08,44664.0
2024-01-01,SOUTH,52.42,43290.0
2024-01-01,WEST,34.92,41302.0
2024-01-02,HOUSTON,41.67,42667.0
2024-01-02,NORTH,34.78,43722.0
2024-01-02,SOUTH,37.2,43392.0
2024-01-02,WEST,26.94,39994.0
2024-01-03,HOUSTON,41.08,40075.0
2024-01-03,NORTH,36.06,43552.0
2024-01-03,SOUTH,32.06,42129.0
2024-01-03,WEST,33.24,42710.0
2024-01-04,HOUSTON,45.01,38084.0
2024-01-04,NORTH,45.94,44792.0
2024-01-04,SOUTH,34.79,46136.0
2024-01-04,WEST,43.1,41350.0
2024-01-05,HOUSTON,40.07,43440.0
2024-01-05,NORTH,43.59,40136.0
2024-01-05,SOUTH,43.68,41164.0
2024-01-05,WEST,41.39,44892.0
2024-01-06,HOUSTON,42.79,41514.0
2024-01-06,NORTH,35.76,41333.0
2024-01-06,SOUTH,25.59,42019.0
2024-01-06,WEST,36.79,43708.0
2024-01-07,HOUSTON,51.97,44181.0
2024-01-07,NORTH,35.89,43066.0
2024-01-07,SOUTH,37.44,46256.0
2024-01-07,WEST,36.79,39305.0
2024-01-08,HOUSTON,35.65,38262.0
2024-01-08,NORTH,32.88,40879.0
2024-01-08,SOUTH,45.14,45243.0
2024-01-08,WEST,26.64,43058.0
2024-01-09,HOUSTON,47.24,38593.0
2024-01-09,NORTH,39.67,42268.0
2024-01-09,SOUTH,36.57,39789.0
2024-01-09,WEST,32.74,41506.0
2024-01-10,HOUSTON,43.69,44263.0
2024-01-10,NORTH,31.88,42027.0
2024-01-10,SOUTH,41.01,42803.0
2024-01-10,WEST,34.25,41491.0
2024-01-11,HOUSTON,37.38,39874.0
2024-01-11,NORTH,43.24,42833.0
2024-01-11,SOUTH,28.99,41252.0
2024-01-11,WEST,29.36,44017.0
2024-01-12,HOUSTON,41.04,43886.0
2024-01-12,NORTH,38.67,40121.0
2024-01-12,SOUTH,37.02,40231.0
2024-01-12,WEST,36.62,45915.0
2024-01-13,HOUSTON,38.04,44350.0
2024-01-13,NORTH,39.2,41713.0
2024-01-13,SOUTH,33.73,42445.0
2024-01-13,WEST,27.38,39937.0
2024-01-14,HOUSTON,50.27,42900.0
2024-01-14,NORTH,35.12,42951.0
2024-01-14,SOUTH,33.36,43904.0
2024-01-14,WEST,42.05,40238.0
2024-01-15,HOUSTON,42.97,40439.0
2024-01-15,NORTH,44.26,40177.0
2024-01-15,SOUTH,44.79,42744.0
2024-01-15,WEST,30.08,40491.0
2024-01-16,HOUSTON,39.24,41242.0
2024-01-16,NORTH,43.69,42041.0
2024-01-16,SOUTH,32.2,43841.0
2024-01-16,WEST,28.14,42915.0
2024-01-17,HOUSTON,44.93,44023.0
2024-01-17,NORTH,35.48,40161.0
2024-01-17,SOUTH,43.29,41034.0
2024-01-17,WEST,26.77,40879.0
2024-01-18,HOUSTON,40.25,40197.0
2024-01-18,NORTH,31.0,44375.0
2024-01-18,SOUTH,36.97,40831.0
2024-01-18,WEST,32.21,43525.0
2024-01-19,HOUSTON,45.16,42142.0
2024-01-19,NORTH,46.48,41654.0
2024-01-19,SOUTH,41.83,43520.0
2024-01-19,WEST,37.14,37741.0
2024-01-20,HOUSTON,34.41,42907.0
2024-01-20,NORTH,28.72,44765.0
2024-01-20,SOUTH,33.58,38977.0
2024-01-20,WEST,36.4,40219.0
2024-01-21,HOUSTON,46.92,39877.0
2024-01-21,NORTH,41.08,41699.0
2024-01-21,SOUTH,46.81,42055.0
2024-01-21,WEST,29.22,43463.0
2024-01-22,HOUSTON,27.02,42443.0
2024-01-22,NORTH,26.96,43352.0
2024-01-22,SOUTH,37.29,44029.0
2024-01-22,WEST,35.46,44087.0
2024-01-23,HOUSTON,33.84,42973.0
2024-01-23,NORTH,50.16,41397.0
2024-01-23,SOUTH,44.86,41665.0
2024-01-23,WEST,26.61,39862.0
2024-01-24,HOUSTON,32.22,41594.0
2024-01-24,NORTH,41.75,41739.0
2024-01-24,SOUTH,36.44,42934.0
2024-01-24,WEST,33.39,39490.0
2024-01-25,HOUSTON,32.13,42496.0
2024-01-25,NORTH,32.53,38681.0
2024-01-25,SOUTH,36.55,42501.0
2024-01-25,WEST,37.7,41156.0
2024-01-26,HOUSTON,40.1,40063.0
2024-01-26,NORTH,36.13,44726.0
2024-01-26,SOUTH,39.82,42797.0
2024-01-26,WEST,34.94,41139.0
2024-01-27,HOUSTON,43.98,41268.0
2024-01-27,NORTH,40.66,42628.0
2024-01-27,SOUTH,35.75,39484.0
2024-01-27,WEST,29.93,41139.0
2024-01-28,HOUSTON,38.92,43593.0
2024-01-28,NORTH,23.23,40701.0
2024-01-28,SOUTH,37.25,43541.0
2024-01-28,WEST,28.04,40618.0
2024-01-29,HOUSTON,37.5,40297.0
2024-01-29,NORTH,26.93,38986.0
2024-01-29,SOUTH,41.2,42904.0
2024-01-29,WEST,35.55,46555.0
2024-01-30,HOUSTON,45.81,42216.0
2024-01-30,NORTH,39.82,40651.0
2024-01-30,SOUTH,35.58,44936.0
2024-01-30,WEST,33.25,43703.0
2024-01-31,HOUSTON,26.86,45003.0
2024-01-31,NORTH,36.24,42619.0
2024-01-31,SOUTH,46.93,39656.0
2024-01-31,WEST,20.71,40599.0
2024-02-01,HOUSTON,50.15,43559.0
2024-02-01,NORTH,39.35,41196.0
2024-02-01,SOUTH,30.15,38510.0
2024-02-01,WEST,26.54,40765.0
2024-02-02,HOUSTON,38.32,42641.0
2024-02-02,NORTH,37.92,37699.0
2024-02-02,SOUTH,34.59,42808.0
2024-02-02,WEST,31.47,42001.0
2024-02-03,HOUSTON,37.4,43590.0
2024-02-03,NORTH,36.28,41295.0
2024-02-03,SOUTH,49.27,41199.0
2024-02-03,WEST,34.45,42900.0
2024-02-04,HOUSTON,44.29,40217.0
2024-02-04,NORTH,42.55,41697.0
2024-02-04,SOUTH,34.32,46768.0
2024-02-04,WEST,32.65,44960.0
2024-02-05,HOUSTON,36.31,43161.0
2024-02-05,NORTH,43.93,43456.0
2024-02-05,SOUTH,35.87,42958.0
2024-02-05,WEST,42.87,44237.0
2024-02-06,HOUSTON,39.34,42149.0
2024-02-06,NORTH,33.8,42593.0
2024-02-06,SOUTH,34.19,41387.0
2024-02-06,WEST,25.46,42521.0
2024-02-07,HOUSTON,33.77,42051.0
2024-02-07,NORTH,42.78,42236.0
2024-02-07,SOUTH,43.3,40848.0
2024-02-07,WEST,43.16,41182.0
2024-02-08,HOUSTON,40.94,40596.0
2024-02-08,NORTH,35.88,43050.0
2024-02-08,SOUTH,45.2,43662.0
2024-02-08,WEST,30.67,43907.0
2024-02-09,HOUSTON,36.57,38612.0
2024-02-09,NORTH,33.94,41457.0
2024-02-09,SOUTH,38.62,40940.0
2024-02-09,WEST,35.79,43592.0
2024-02-10,HOUSTON,37.1,37955.0
2024-02-10,NORTH,39.18,43639.0
2024-02-10,SOUTH,28.91,41907.0
2024-02-10,WEST,31.0,40322.0
2024-02-11,HOUSTON,38.35,40748.0
2024-02-11,NORTH,32.6,43389.0
2024-02-11,SOUTH,43.19,43035.0
2024-02-11,WEST,35.2,39022.0
2024-02-12,HOUSTON,39.07,40179.0
2024-02-12,NORTH,38.46,38150.0
2024-02-12,SOUTH,36.03,44176.0
2024-02-12,WEST,23.53,41545.0
2024-02-13,HOUSTON,46.83,39631.0
2024-02-13,NORTH,30.09,40588.0
2024-02-13,SOUTH,27.99,42782.0
2024-02-13,WEST,43.88,42530.0
2024-02-14,HOUSTON,41.0,42373.0
2024-02-14,NORTH,40.58,45042.0
2024-02-14,SOUTH,34.82,42004.0
2024-02-14,WEST,30.36,41664.0
2024-02-15,HOUSTON,31.88,44298.0
2024-02-15,NORTH,38.85,40490.0
2024-02-15,SOUTH,36.81,40081.0
2024-02-15,WEST,33.26,40974.0
2024-02-16,HOUSTON,38.96,39852.0
2024-02-16,NORTH,41.75,39822.0
2024-02-16,SOUTH,44.69,42247.0
2024-02-16,WEST,18.26,40260.0
2024-02-17,HOUSTON,36.65,41428.0
2024-02-17,NORTH,37.74,42640.0
2024-02-17,SOUTH,36.2,42172.0
2024-02-17,WEST,33.58,44661.0
2024-02-18,HOUSTON,39.44,42802.0
2024-02-18,NORTH,31.59,41936.0
2024-02-18,SOUTH,34.76,38476.0
2024-02-18,WEST,29.75,41696.0
2024-02-19,HOUSTON,33.15,43031.0
2024-02-19,NORTH,38.17,40752.0
2024-02-19,SOUTH,44.37,43387.0
2024-02-19,WEST,39.56,40178.0
2024-02-20,HOUSTON,39.81,42171.0
2024-02-20,NORTH,42.97,45601.0
2024-02-20,SOUTH,35.34,41329.0
2024-02-20,WEST,36.86,40049.0
2024-02-21,HOUSTON,46.17,45333.0
2024-02-21,NORTH,39.58,39499.0
2024-02-21,SOUTH,40.54,44646.0
2024-02-21,WEST,30.98,42660.0
2024-02-22,HOUSTON,45.48,44778.0
2024-02-22,NORTH,44.89,41203.0
2024-02-22,SOUTH,52.09,42801.0
2024-02-22,WEST,24.54,40000.0
2024-02-23,HOUSTON,52.04,43559.0
2024-02-23,NORTH,31.2,43293.0
2024-02-23,SOUTH,44.32,41794.0
2024-02-23,WEST,43.93,44521.0
2024-02-24,HOUSTON,42.61,42752.0
2024-02-24,NORTH,35.36,42295.0
2024-02-24,SOUTH,30.68,40858.0
2024-02-24,WEST,32.13,39228.0
2024-02-25,HOUSTON,38.42,41099.0
2024-02-25,NORTH,39.45,42028.0
2024-02-25,SOUTH,44.46,42366.0
2024-02-25,WEST,41.62,40263.0
2024-02-26,HOUSTON,42.23,43178.0
2024-02-26,NORTH,36.79,43183.0
2024-02-26,SOUTH,44.17,42768.0
2024-02-26,WEST,41.64,38908.0
2024-02-27,HOUSTON,25.53,43616.0
2024-02-27,NORTH,43.23,41242.0
2024-02-27,SOUTH,46.92,39110.0
2024-02-27,WEST,44.88,42787.0
2024-02-28,HOUSTON,33.88,43743.0
2024-02-28,NORTH,33.42,43650.0
2024-02-28,SOUTH,36.17,40452.0
2024-02-28,WEST,25.58,39093.0
2024-02-29,HOUSTON,43.05,41895.0
2024-02-29,NORTH,36.31,41485.0
2024-02-29,SOUTH,43.89,38662.0
2024-02-29,WEST,26.65,39167.0
2024-03-01,HOUSTON,44.41,41056.0
2024-03-01,NORTH,31.26,42540.0
2024-03-01,SOUTH,33.0,38936.0
2024-03-01,WEST,31.85,42814.0
2024-03-02,HOUSTON,31.73,41131.0
2024-03-02,NORTH,38.75,43987.0
2024-03-02,SOUTH,45.18,41391.0
2024-03-02,WEST,29.78,43681.0
2024-03-03,HOUSTON,34.24,40937.0
2024-03-03,NORTH,37.49,41267.0
2024-03-03,SOUTH,42.46,39730.0
2024-03-03,WEST,39.66,40675.0
2024-03-04,HOUSTON,47.07,42792.0
2024-03-04,NORTH,29.49,44568.0
2024-03-04,SOUTH,43.24,42460.0
2024-03-04,WEST,37.02,44281.0
2024-03-05,HOUSTON,36.71,42712.0
2024-03-05,NORTH,36.86,42932.0
2024-03-05,SOUTH,47.89,43853.0
2024-03-05,WEST,39.4,43462.0
2024-03-06,HOUSTON,47.67,41252.0
2024-03-06,NORTH,43.76,44508.0
2024-03-06,SOUTH,36.2,42655.0
2024-03-06,WEST,36.26,38409.0
2024-03-07,HOUSTON,35.31,40589.0
2024-03-07,NORTH,39.53,41254.0
2024-03-07,SOUTH,29.05,43772.0
2024-03-07,WEST,38.07,43033.0
2024-03-08,HOUSTON,42.63,43466.0
2024-03-08,NORTH,38.8,41550.0
2024-03-08,SOUTH,30.73,41467.0
2024-03-08,WEST,38.48,44614.0
2024-03-09,HOUSTON,47.0,41185.0
2024-03-09,NORTH,49.77,38817.0
2024-03-09,SOUTH,40.15,43159.0
2024-03-09,WEST,36.02,42175.0
2024-03-10,HOUSTON,35.83,39351.0
2024-03-10,NORTH,31.81,41862.0
2024-03-10,SOUTH,46.78,43156.0
2024-03-10,WEST,31.45,40326.0
2024-03-11,HOUSTON,39.96,39621.0
2024-03-11,NORTH,37.51,41909.0
2024-03-11,SOUTH,26.96,41442.0
2024-03-11,WEST,43.65,41469.0
2024-03-12,HOUSTON,48.68,42334.0
2024-03-12,NORTH,29.39,41383.0
2024-03-12,SOUTH,32.54,41462.0
2024-03-12,WEST,32.83,40497.0
2024-03-13,HOUSTON,51.6,39916.0
2024-03-13,NORTH,37.32,42330.0
2024-03-13,SOUTH,39.78,42010.0
2024-03-13,WEST,24.08,42448.0
2024-03-14,HOUSTON,45.4,43584.0
2024-03-14,NORTH,29.19,44746.0
2024-03-14,SOUTH,31.11,44191.0
2024-03-14,WEST,21.93,43970.0
2024-03-15,HOUSTON,34.47,41579.0
2024-03-15,NORTH,38.17,43340.0
2024-03-15,SOUTH,35.15,41822.0
2024-03-15,WEST,38.81,42583.0
2024-03-16,HOUSTON,48.34,46331.0
2024-03-16,NORTH,45.16,42402.0
2024-03-16,SOUTH,47.73,43507.0
2024-03-16,WEST,32.72,42713.0
2024-03-17,HOUSTON,33.31,42077.0
2024-03-17,NORTH,39.11,40807.0
2024-03-17,SOUTH,43.53,44010.0
2024-03-17,WEST,32.09,45659.0
2024-03-18,HOUSTON,40.17,42820.0
2024-03-18,NORTH,41.81,38575.0
2024-03-18,SOUTH,36.67,44872.0
2024-03-18,WEST,25.88,42295.0
2024-03-19,HOUSTON,37.37,38557.0
2024-03-19,NORTH,31.25,44782.0
2024-03-19,SOUTH,44.14,43393.0
2024-03-19,WEST,36.71,44514.0
2024-03-20,HOUSTON,50.15,38668.0
2024-03-20,NORTH,32.01,36045.0
2024-03-20,SOUTH,43.6,40686.0
2024-03-20,WEST,42.07,40166.0
2024-03-21,HOUSTON,28.2,39611.0
2024-03-21,NORTH,36.16,43527.0
2024-03-21,SOUTH,46.19,41425.0
2024-03-21,WEST,37.54,41029.0
2024-03-22,HOUSTON,45.31,39952.0
2024-03-22,NORTH,36.0,44226.0
2024-03-22,SOUTH,37.15,41391.0
2024-03-22,WEST,27.87,43577.0
2024-03-23,HOUSTON,55.27,39192.0
2024-03-23,NORTH,53.32,39911.0
2024-03-23,SOUTH,37.14,45032.0
2024-03-23,WEST,34.13,44556.0
2024-03-24,HOUSTON,42.73,43273.0
2024-03-24,NORTH,34.76,40252.0
2024-03-24,SOUTH,37.21,42242.0
2024-03-24,WEST,36.22,44170.0
2024-03-25,HOUSTON,37.95,43351.0
2024-03-25,NORTH,34.89,39952.0
2024-03-25,SOUTH,39.39,41341.0
2024-03-25,WEST,28.5,43842.0
2024-03-26,HOUSTON,55.04,40173.0
2024-03-26,NORTH,34.61,39334.0
2024-03-26,SOUTH,38.49,44215.0
2024-03-26,WEST,26.81,42692.0
2024-03-27,HOUSTON,46.16,40601.0
2024-03-27,NORTH,34.42,42367.0
2024-03-27,SOUTH,38.32,41093.0
2024-03-27,WEST,26.91,43602.0
2024-03-28,HOUSTON,49.36,42344.0
2024-03-28,NORTH,39.29,41822.0
2024-03-28,SOUTH,37.67,41443.0
2024-03-28,WEST,47.7,44093.0
2024-03-29,HOUSTON,42.97,39251.0
2024-03-29,NORTH,34.31,41983.0
2024-03-29,SOUTH,46.11,40899.0
2024-03-29,WEST,44.72,41978.0
2024-03-30,HOUSTON,37.68,45875.0
2024-03-30,NORTH,33.38,42266.0
2024-03-30,SOUTH,42.9,41540.0
2024-03-30,WEST,34.3,38778.0
2024-03-31,HOUSTON,47.05,43626.0
2024-03-31,NORTH,37.23,42526.0
2024-03-31,SOUTH,54.49,42365.0
2024-03-31,WEST,36.12,40569.0
2024-04-01,HOUSTON,48.83,40858.0
2024-04-01,NORTH,42.18,42593.0
2024-04-01,SOUTH,48.46,42903.0
2024-04-01,WEST,42.89,45744.0
2024-04-02,HOUSTON,38.58,40601.0
2024-04-02,NORTH,31.67,43361.0
2024-04-02,SOUTH,42.2,39047.0
2024-04-02,WEST,42.5,42051.0
2024-04-03,HOUSTON,41.16,41691.0
2024-04-03,NORTH,37.31,41534.0
2024-04-03,SOUTH,37.35,43898.0
2024-04-03,WEST,40.07,41630.0
2024-04-04,HOUSTON,44.17,41527.0
2024-04-04,NORTH,41.54,42966.0
2024-04-04,SOUTH,46.5,40950.0
2024-04-04,WEST,28.94,40723.0
2024-04-05,HOUSTON,43.56,40932.0
2024-04-05,NORTH,51.36,42964.0
2024-04-05,SOUTH,35.51,38619.0
2024-04-05,WEST,28.55,42452.0
2024-04-06,HOUSTON,39.47,42828.0
2024-04-06,NORTH,35.02,39227.0
2024-04-06,SOUTH,35.72,42931.0
2024-04-06,WEST,34.59,41063.0
2024-04-07,HOUSTON,37.79,42497.0
2024-04-07,NORTH,39.86,42968.0
2024-04-07,SOUTH,34.97,42388.0
2024-04-07,WEST,40.37,43822.0
2024-04-08,HOUSTON,35.84,43337.0
2024-04-08,NORTH,42.3,44582.0
2024-04-08,SOUTH,46.82,39779.0
2024-04-08,WEST,39.31,42945.0
2024-04-09,HOUSTON,34.83,41296.0
2024-04-09,NORTH,42.18,41337.0
2024-04-09,SOUTH,40.7,46651.0
2024-04-09,WEST,34.16,38637.0
2024-04-10,HOUSTON,42.45,43475.0
2024-04-10,NORTH,44.56,42598.0
2024-04-10,SOUTH,29.09,41879.0
2024-04-10,WEST,29.7,40782.0
2024-04-11,HOUSTON,38.79,41085.0
2024-04-11,NORTH,34.08,40574.0
2024-04-11,SOUTH,41.99,41893.0
2024-04-11,WEST,46.04,41828.0
2024-04-12,HOUSTON,41.84,43272.0
2024-04-12,NORTH,27.5,41540.0
2024-04-12,SOUTH,39.56,43328.0
2024-04-12,WEST,28.8,40939.0
2024-04-13,HOUSTON,56.86,40877.0
2024-04-13,NORTH,39.03,41865.0
2024-04-13,SOUTH,33.91,42412.0
2024-04-13,WEST,35.75,41644.0
2024-04-14,HOUSTON,44.07,39087.0
2024-04-14,NORTH,40.02,39347.0
2024-04-14,SOUTH,31.98,41805.0
2024-04-14,WEST,36.32,42614.0
2024-04-15,HOUSTON,42.27,43455.0
2024-04-15,NORTH,32.63,41610.0
2024-04-15,SOUTH,36.86,40852.0
2024-04-15,WEST,38.31,41320.0
2024-04-16,HOUSTON,45.98,45470.0
2024-04-16,NORTH,39.54,43841.0
2024-04-16,SOUTH,38.17,42552.0
2024-04-16,WEST,44.75,40019.0
2024-04-17,HOUSTON,40.26,42097.0
2024-04-17,NORTH,32.24,44082.0
2024-04-17,SOUTH,37.54,40242.0
2024-04-17,WEST,21.51,42286.0
2024-04-18,HOUSTON,35.88,40343.0
2024-04-18,NORTH,35.22,44935.0
2024-04-18,SOUTH,45.35,43009.0
2024-04-18,WEST,15.71,41241.0
2024-04-19,HOUSTON,54.81,43258.0
2024-04-19,NORTH,30.14,39889.0
2024-04-19,SOUTH,37.94,44523.0
2024-04-19,WEST,38.08,40679.0
2024-04-20,HOUSTON,35.59,43706.0
2024-04-20,NORTH,32.76,41422.0
2024-04-20,SOUTH,43.46,43510.0
2024-04-20,WEST,42.03,40783.0
2024-04-21,HOUSTON,35.66,39503.0
2024-04-21,NORTH,39.97,45446.0
2024-04-21,SOUTH,37.79,38815.0
2024-04-21,WEST,41.22,45224.0
2024-04-22,HOUSTON,50.14,42648.0
2024-04-22,NORTH,36.46,39309.0
2024-04-22,SOUTH,40.44,39290.0
2024-04-22,WEST,39.88,42246.0
2024-04-23,HOUSTON,36.97,40815.0
2024-04-23,NORTH,40.3,44537.0
2024-04-23,SOUTH,38.05,39785.0
2024-04-23,WEST,34.65,40524.0
2024-04-24,HOUSTON,51.13,42133.0
2024-04-24,NORTH,39.32,36562.0
2024-04-24,SOUTH,33.32,36440.0
2024-04-24,WEST,33.62,41388.0
2024-04-25,HOUSTON,47.44,40964.0
2024-04-25,NORTH,41.85,40169.0
2024-04-25,SOUTH,42.52,39858.0
2024-04-25,WEST,48.67,40808.0
2024-04-26,HOUSTON,38.78,42581.0
2024-04-26,NORTH,33.29,43956.0
2024-04-26,SOUTH,35.47,38556.0
2024-04-26,WEST,29.94,41014.0
2024-04-27,HOUSTON,49.86,40093.0
2024-04-27,NORTH,36.4,38913.0
2024-04-27,SOUTH,42.93,40054.0
2024-04-27,WEST,42.8,41133.0
2024-04-28,HOUSTON,42.9,38761.0
2024-04-28,NORTH,43.34,41218.0
2024-04-28,SOUTH,40.38,43291.0
2024-04-28,WEST,33.62,43273.0
2024-04-29,HOUSTON,41.38,40083.0
2024-04-29,NORTH,42.72,44909.0
2024-04-29,SOUTH,34.51,40679.0
2024-04-29,WEST,35.11,41951.0
2024-04-30,HOUSTON,39.1,42252.0
2024-04-30,NORTH,33.43,42517.0
2024-04-30,SOUTH,42.32,43265.0
2024-04-30,WEST,28.22,40989.0
2024-05-01,HOUSTON,29.69,43422.0
2024-05-01,NORTH,28.01,42223.0
2024-05-01,SOUTH,43.63,42063.0
2024-05-01,WEST,32.91,44283.0
2024-05-02,HOUSTON,35.59,42201.0
2024-05-02,NORTH,40.54,39407.0
2024-05-02,SOUTH,33.55,43701.0
2024-05-02,WEST,29.87,42779.0
2024-05-03,HOUSTON,47.81,43416.0
2024-05-03,NORTH,40.13,42554.0
2024-05-03,SOUTH,45.99,42853.0
2024-05-03,WEST,23.33,42431.0
2024-05-04,HOUSTON,45.18,42489.0
2024-05-04,NORTH,39.99,41164.0
2024-05-04,SOUTH,40.22,43298.0
2024-05-04,WEST,27.28,42754.0
2024-05-05,HOUSTON,48.98,42915.0
2024-05-05,NORTH,29.02,41201.0
2024-05-05,SOUTH,47.0,40694.0
2024-05-05,WEST,21.54,42234.0
2024-05-06,HOUSTON,42.25,45299.0
2024-05-06,NORTH,38.55,44378.0
2024-05-06,SOUTH,41.52,41208.0
2024-05-06,WEST,40.34,43771.0
2024-05-07,HOUSTON,43.93,45694.0
2024-05-07,NORTH,43.46,47916.0
2024-05-07,SOUTH,38.4,42299.0
2024-05-07,WEST,27.19,41301.0
2024-05-08,HOUSTON,52.46,41676.0
2024-05-08,NORTH,38.81,44125.0
2024-05-08,SOUTH,39.42,43102.0
2024-05-08,WEST,31.27,41249.0
2024-05-09,HOUSTON,51.14,42477.0
2024-05-09,NORTH,36.49,46898.0
2024-05-09,SOUTH,43.66,41530.0
2024-05-09,WEST,45.87,43314.0
2024-05-10,HOUSTON,48.72,40793.0
2024-05-10,NORTH,41.93,40225.0
2024-05-10,SOUTH,52.63,44094.0
2024-05-10,WEST,39.14,40544.0
2024-05-11,HOUSTON,54.24,44724.0
2024-05-11,NORTH,33.48,39815.0
2024-05-11,SOUTH,51.7,45230.0
2024-05-11,WEST,31.71,41109.0
2024-05-12,HOUSTON,46.65,40739.0
2024-05-12,NORTH,50.34,43134.0
2024-05-12,SOUTH,46.7,43396.0
2024-05-12,WEST,41.52,43385.0
2024-05-13,HOUSTON,50.71,41508.0
2024-05-13,NORTH,42.12,44745.0
2024-05-13,SOUTH,44.99,43969.0
2024-05-13,WEST,37.13,46650.0
2024-05-14,HOUSTON,32.27,42379.0
2024-05-14,NORTH,33.21,41569.0
2024-05-14,SOUTH,36.72,44432.0
2024-05-14,WEST,39.55,43032.0
2024-05-15,HOUSTON,45.04,42130.0
2024-05-15,NORTH,55.3,46579.0
2024-05-15,SOUTH,40.96,42461.0
2024-05-15,WEST,29.39,43932.0
2024-05-16,HOUSTON,46.01,42095.0
2024-05-16,NORTH,43.21,45683.0
2024-05-16,SOUTH,42.37,44675.0
2024-05-16,WEST,41.58,41243.0
2024-05-17,HOUSTON,41.6,41754.0
2024-05-17,NORTH,35.74,42178.0
2024-05-17,SOUTH,52.31,41687.0
2024-05-17,WEST,37.45,42475.0
2024-05-18,HOUSTON,54.03,45109.0
2024-05-18,NORTH,42.83,43912.0
2024-05-18,SOUTH,38.46,42514.0
2024-05-18,WEST,33.15,47128.0
2024-05-19,HOUSTON,32.83,44544.0
2024-05-19,NORTH,40.24,45533.0
2024-05-19,SOUTH,45.89,41112.0
2024-05-19,WEST,29.6,43827.0
2024-05-20,HOUSTON,45.66,47210.0
2024-05-20,NORTH,42.29,43331.0
2024-05-20,SOUTH,37.66,43441.0
2024-05-20,WEST,34.43,44068.0
2024-05-21,HOUSTON,55.52,42218.0
2024-05-21,NORTH,42.11,44202.0
2024-05-21,SOUTH,46.83,42628.0
2024-05-21,WEST,30.6,42479.0
2024-05-22,HOUSTON,30.72,44375.0
2024-05-22,NORTH,38.89,43039.0
2024-05-22,SOUTH,32.63,41178.0
2024-05-22,WEST,37.64,45430.0
2024-05-23,HOUSTON,32.95,42534.0
2024-05-23,NORTH,45.59,43262.0
2024-05-23,SOUTH,47.47,43201.0
2024-05-23,WEST,38.01,44817.0
2024-05-24,HOUSTON,38.1,43857.0
2024-05-24,NORTH,40.97,44244.0
2024-05-24,SOUTH,48.21,42823.0
2024-05-24,WEST,31.78,45521.0
2024-05-25,HOUSTON,54.81,43147.0
2024-05-25,NORTH,42.8,41395.0
2024-05-25,SOUTH,46.01,42315.0
2024-05-25,WEST,46.56,45703.0
2024-05-26,HOUSTON,40.32,44415.0
2024-05-26,NORTH,35.92,44204.0
2024-05-26,SOUTH,41.93,48592.0
2024-05-26,WEST,43.86,43531.0
2024-05-27,HOUSTON,44.6,43508.0
2024-05-27,NORTH,45.7,47152.0
2024-05-27,SOUTH,40.59,46447.0
2024-05-27,WEST,28.94,43055.0
2024-05-28,HOUSTON,43.18,42388.0
2024-05-28,NORTH,40.39,42992.0
2024-05-28,SOUTH,43.52,43443.0
2024-05-28,WEST,49.17,44275.0
2024-05-29,HOUSTON,40.87,45612.0
2024-05-29,NORTH,43.96,47918.0
2024-05-29,SOUTH,47.85,42312.0
2024-05-29,WEST,34.2,44641.0
2024-05-30,HOUSTON,48.17,44495.0
2024-05-30,NORTH,48.56,44769.0
2024-05-30,SOUTH,46.73,46067.0
2024-05-30,WEST,29.28,45682.0
2024-05-31,HOUSTON,52.58,47944.0
2024-05-31,NORTH,43.36,41839.0
2024-05-31,SOUTH,50.19,42348.0
2024-05-31,WEST,40.23,44498.0
2024-06-01,HOUSTON,53.28,42115.0
2024-06-01,NORTH,46.04,45813.0
2024-06-01,SOUTH,45.81,46440.0
2024-06-01,WEST,48.34,41988.0
2024-06-02,HOUSTON,54.5,46119.0
2024-06-02,NORTH,45.59,44083.0
2024-06-02,SOUTH,45.19,43517.0
2024-06-02,WEST,51.27,47917.0
2024-06-03,HOUSTON,38.34,45443.0
2024-06-03,NORTH,46.08,46236.0
2024-06-03,SOUTH,49.68,44604.0
2024-06-03,WEST,37.54,46396.0
2024-06-04,HOUSTON,45.94,43132.0
2024-06-04,NORTH,43.4,41596.0
2024-06-04,SOUTH,45.17,45303.0
2024-06-04,WEST,43.94,42937.0
2024-06-05,HOUSTON,54.78,45455.0
2024-06-05,NORTH,52.83,47942.0
2024-06-05,SOUTH,42.25,46326.0
2024-06-05,WEST,43.68,48434.0
2024-06-06,HOUSTON,54.43,46227.0
2024-06-06,NORTH,44.18,45233.0
2024-06-06,SOUTH,42.43,46387.0
2024-06-06,WEST,52.45,43203.0
2024-06-07,HOUSTON,50.17,46303.0
2024-06-07,NORTH,44.3,47241.0
2024-06-07,SOUTH,46.67,48967.0
2024-06-07,WEST,49.74,42366.0
2024-06-08,HOUSTON,44.38,45738.0
2024-06-08,NORTH,43.84,46823.0
2024-06-08,SOUTH,49.46,45307.0
2024-06-08,WEST,47.33,43308.0
2024-06-09,HOUSTON,46.58,46818.0
2024-06-09,NORTH,47.07,45067.0
2024-06-09,SOUTH,48.64,45391.0
2024-06-09,WEST,46.89,48127.0
2024-06-10,HOUSTON,54.72,45881.0
2024-06-10,NORTH,54.74,46111.0
2024-06-10,SOUTH,49.15,44733.0
2024-06-10,WEST,46.49,46122.0
2024-06-11,HOUSTON,58.74,44892.0
2024-06-11,NORTH,51.1,46112.0
2024-06-11,SOUTH,53.05,45259.0
2024-06-11,WEST,46.64,45042.0
2024-06-12,HOUSTON,43.08,45818.0
2024-06-12,NORTH,53.51,44039.0
2024-06-12,SOUTH,46.71,46619.0
2024-06-12,WEST,43.81,45665.0
2024-06-13,HOUSTON,64.16,46505.0
2024-06-13,NORTH,43.06,46952.0
2024-06-13,SOUTH,52.39,44896.0
2024-06-13,WEST,40.86,47997.0
2024-06-14,HOUSTON,45.69,46088.0
2024-06-14,NORTH,33.73,48639.0
2024-06-14,SOUTH,46.98,42314.0
2024-06-14,WEST,55.33,45173.0
2024-06-15,HOUSTON,52.67,47386.0
2024-06-15,NORTH,51.89,45770.0
2024-06-15,SOUTH,52.92,44238.0
2024-06-15,WEST,46.72,47115.0
2024-06-16,HOUSTON,45.65,48940.0
2024-06-16,NORTH,46.82,45143.0
2024-06-16,SOUTH,50.28,47039.0
2024-06-16,WEST,47.58,46569.0
2024-06-17,HOUSTON,45.06,47707.0
2024-06-17,NORTH,53.64,47105.0
2024-06-17,SOUTH,54.75,47444.0
2024-06-17,WEST,44.45,46664.0
2024-06-18,HOUSTON,52.57,46967.0
2024-06-18,NORTH,58.55,43225.0
2024-06-18,SOUTH,38.98,45384.0
2024-06-18,WEST,49.14,48185.0
2024-06-19,HOUSTON,55.11,44805.0
2024-06-19,NORTH,54.31,43272.0
2024-06-19,SOUTH,48.69,46506.0
2024-06-19,WEST,42.8,46940.0
2024-06-20,HOUSTON,49.9,46676.0
2024-06-20,NORTH,46.31,48315.0
2024-06-20,SOUTH,51.82,46352.0
2024-06-20,WEST,49.71,47949.0
2024-06-21,HOUSTON,54.32,47985.0
2024-06-21,NORTH,51.58,45205.0
2024-06-21,SOUTH,55.85,47730.0
2024-06-21,WEST,45.85,47087.0
2024-06-22,HOUSTON,58.98,47328.0
2024-06-22,NORTH,47.65,45528.0
2024-06-22,SOUTH,52.86,48151.0
2024-06-22,WEST,56.03,44899.0
2024-06-23,HOUSTON,50.57,47873.0
2024-06-23,NORTH,59.43,49567.0
2024-06-23,SOUTH,65.02,45017.0
2024-06-23,WEST,34.79,46338.0
2024-06-24,HOUSTON,55.89,47928.0
2024-06-24,NORTH,55.66,49621.0
2024-06-24,SOUTH,49.97,46999.0
2024-06-24,WEST,57.55,48198.0
2024-06-25,HOUSTON,57.84,50394.0
2024-06-25,NORTH,50.3,47868.0
2024-06-25,SOUTH,61.57,43476.0
2024-06-25,WEST,49.99,52071.0
2024-06-26,HOUSTON,66.83,48642.0
2024-06-26,NORTH,51.19,44923.0
2024-06-26,SOUTH,56.09,47841.0
2024-06-26,WEST,41.52,46953.0
2024-06-27,HOUSTON,56.48,50817.0
2024-06-27,NORTH,50.48,47170.0
2024-06-27,SOUTH,56.74,46724.0
2024-06-27,WEST,52.77,49701.0
2024-06-28,HOUSTON,66.92,46767.0
2024-06-28,NORTH,61.42,46451.0
2024-06-28,SOUTH,60.92,46859.0
2024-06-28,WEST,46.77,46658.0
2024-06-29,HOUSTON,54.87,48762.0
2024-06-29,NORTH,43.9,49158.0
2024-06-29,SOUTH,55.76,49937.0
2024-06-29,WEST,51.9,48994.0
2024-06-30,HOUSTON,62.52,45941.0
2024-06-30,NORTH,53.49,47827.0
2024-06-30,SOUTH,64.79,45445.0
2024-06-30,WEST,47.99,50137.0
2024-07-01,HOUSTON,84.26,45945.0
2024-07-01,NORTH,78.13,44576.0
2024-07-01,SOUTH,72.72,45086.0
2024-07-01,WEST,80.25,48580.0
2024-07-02,HOUSTON,58.54,47143.0
2024-07-02,NORTH,57.32,46667.0
2024-07-02,SOUTH,64.35,50297.0
2024-07-02,WEST,49.74,48713.0
2024-07-03,HOUSTON,181.65,52083.0
2024-07-03,NORTH,184.36,50698.0
2024-07-03,SOUTH,169.6,47150.0
2024-07-03,WEST,172.42,47829.0
2024-07-04,HOUSTON,58.52,46173.0
2024-07-04,NORTH,50.1,50936.0
2024-07-04,SOUTH,57.64,50326.0
2024-07-04,WEST,46.55,49208.0
2024-07-05,HOUSTON,65.97,49297.0
2024-07-05,NORTH,47.4,46245.0
2024-07-05,SOUTH,57.46,44912.0
2024-07-05,WEST,55.25,49392.0
2024-07-06,HOUSTON,51.94,48317.0
2024-07-06,NORTH,50.13,50420.0
2024-07-06,SOUTH,63.68,45261.0
2024-07-06,WEST,56.46,50395.0
2024-07-07,HOUSTON,57.97,49048.0
2024-07-07,NORTH,58.65,49040.0
2024-07-07,SOUTH,59.66,51948.0
2024-07-07,WEST,56.85,48880.0
2024-07-08,HOUSTON,62.65,52181.0
2024-07-08,NORTH,45.72,49506.0
2024-07-08,SOUTH,45.1,46382.0
2024-07-08,WEST,49.18,48283.0
2024-07-09,HOUSTON,55.07,50375.0
2024-07-09,NORTH,55.98,47479.0
2024-07-09,SOUTH,59.25,50530.0
2024-07-09,WEST,52.61,48694.0
2024-07-10,HOUSTON,61.65,49698.0
2024-07-10,NORTH,61.03,52458.0
2024-07-10,SOUTH,64.79,50527.0
2024-07-10,WEST,53.91,49031.0
2024-07-11,HOUSTON,59.65,50346.0
2024-07-11,NORTH,53.67,51163.0
2024-07-11,SOUTH,66.22,49744.0
2024-07-11,WEST,54.04,50254.0
2024-07-12,HOUSTON,58.1,47762.0
2024-07-12,NORTH,55.86,48709.0
2024-07-12,SOUTH,56.57,49983.0
2024-07-12,WEST,52.74,51303.0
2024-07-13,HOUSTON,59.68,53410.0
2024-07-13,NORTH,51.69,44438.0
2024-07-13,SOUTH,54.26,50689.0
2024-07-13,WEST,56.57,47804.0
2024-07-14,HOUSTON,68.28,51808.0
2024-07-14,NORTH,54.35,51091.0
2024-07-14,SOUTH,56.16,50921.0
2024-07-14,WEST,49.95,51296.0
2024-07-15,HOUSTON,67.05,49570.0
2024-07-15,NORTH,50.67,48579.0
2024-07-15,SOUTH,67.55,47852.0
2024-07-15,WEST,57.18,50044.0
2024-07-16,HOUSTON,53.94,50075.0
2024-07-16,NORTH,55.64,49218.0
2024-07-16,SOUTH,48.19,47273.0
2024-07-16,WEST,46.33,48189.0
2024-07-17,HOUSTON,59.11,50838.0
2024-07-17,NORTH,51.34,50772.0
2024-07-17,SOUTH,46.21,49323.0
2024-07-17,WEST,52.01,48864.0
2024-07-18,HOUSTON,61.72,51296.0
2024-07-18,NORTH,54.94,49680.0
2024-07-18,SOUTH,67.03,49354.0
2024-07-18,WEST,50.79,47833.0
2024-07-19,HOUSTON,58.22,52406.0
2024-07-19,NORTH,67.35,48658.0
2024-07-19,SOUTH,57.17,51599.0
2024-07-19,WEST,51.08,47670.0
2024-07-20,HOUSTON,64.44,53798.0
2024-07-20,NORTH,57.56,50556.0
2024-07-20,SOUTH,54.57,49708.0
2024-07-20,WEST,60.77,49339.0
2024-07-21,HOUSTON,65.66,48452.0
2024-07-21,NORTH,59.24,52081.0
2024-07-21,SOUTH,62.19,49146.0
2024-07-21,WEST,45.06,50496.0
2024-07-22,HOUSTON,62.64,49738.0
2024-07-22,NORTH,57.78,48728.0
2024-07-22,SOUTH,70.47,51662.0
2024-07-22,WEST,52.29,49649.0
2024-07-23,HOUSTON,63.67,49448.0
2024-07-23,NORTH,56.04,49334.0
2024-07-23,SOUTH,65.38,52224.0
2024-07-23,WEST,53.44,51212.0
2024-07-24,HOUSTON,56.27,50073.0
2024-07-24,NORTH,53.04,47522.0
2024-07-24,SOUTH,69.4,52545.0
2024-07-24,WEST,58.01,51148.0
2024-07-25,HOUSTON,59.62,50660.0
2024-07-25,NORTH,57.69,49815.0
2024-07-25,SOUTH,54.19,49065.0
2024-07-25,WEST,47.98,51183.0
2024-07-26,HOUSTON,54.66,50029.0
2024-07-26,NORTH,54.59,48750.0
2024-07-26,SOUTH,52.1,52388.0
2024-07-26,WEST,46.59,51139.0
2024-07-27,HOUSTON,69.97,51430.0
2024-07-27,NORTH,61.68,50341.0
2024-07-27,SOUTH,55.06,48334.0
2024-07-27,WEST,50.2,51068.0
2024-07-28,HOUSTON,69.05,49566.0
2024-07-28,NORTH,57.74,51400.0
2024-07-28,SOUTH,62.44,51447.0
2024-07-28,WEST,54.22,47153.0
2024-07-29,HOUSTON,68.67,48633.0
2024-07-29,NORTH,51.18,52473.0
2024-07-29,SOUTH,49.78,49132.0
2024-07-29,WEST,57.18,50950.0
2024-07-30,HOUSTON,68.88,50066.0
2024-07-30,NORTH,59.33,49638.0
2024-07-30,SOUTH,57.78,52600.0
2024-07-30,WEST,66.29,47313.0
2024-07-31,HOUSTON,60.51,52384.0
2024-07-31,NORTH,56.47,49386.0
2024-07-31,SOUTH,61.55,49300.0
2024-07-31,WEST,66.81,52473.0
2024-08-01,HOUSTON,61.73,52333.0
2024-08-01,NORTH,54.48,52088.0
2024-08-01,SOUTH,55.71,48969.0
2024-08-01,WEST,60.83,49348.0
2024-08-02,HOUSTON,55.98,49624.0
2024-08-02,NORTH,58.98,50141.0
2024-08-02,SOUTH,54.1,50081.0
2024-08-02,WEST,57.7,49796.0
2024-08-03,HOUSTON,65.54,50093.0
2024-08-03,NORTH,59.4,50713.0
2024-08-03,SOUTH,50.17,50057.0
2024-08-03,WEST,61.85,49123.0
2024-08-04,HOUSTON,67.34,50071.0
2024-08-04,NORTH,56.36,48868.0
2024-08-04,SOUTH,64.94,51384.0
2024-08-04,WEST,59.42,51718.0
2024-08-05,HOUSTON,50.58,49731.0
2024-08-05,NORTH,63.28,51123.0
2024-08-05,SOUTH,61.63,48150.0
2024-08-05,WEST,55.11,49120.0
2024-08-06,HOUSTON,62.6,52342.0
2024-08-06,NORTH,69.86,49849.0
2024-08-06,SOUTH,63.76,50814.0
2024-08-06,WEST,53.99,50314.0
2024-08-07,HOUSTON,69.06,49230.0
2024-08-07,NORTH,65.04,48810.0
2024-08-07,SOUTH,57.79,51220.0
2024-08-07,WEST,68.68,49231.0
2024-08-08,HOUSTON,64.53,48912.0
2024-08-08,NORTH,60.86,48333.0
2024-08-08,SOUTH,55.57,52432.0
2024-08-08,WEST,60.03,50960.0
2024-08-09,HOUSTON,147.0,53997.0
2024-08-09,NORTH,137.37,54072.0
2024-08-09,SOUTH,140.26,48678.0
2024-08-09,WEST,133.05,48980.0
2024-08-10,HOUSTON,54.6,50817.0
2024-08-10,NORTH,56.12,52016.0
2024-08-10,SOUTH,60.77,51816.0
2024-08-10,WEST,64.57,51415.0
2024-08-11,HOUSTON,56.32,54255.0
2024-08-11,NORTH,52.08,52786.0
2024-08-11,SOUTH,71.61,50119.0
2024-08-11,WEST,50.96,50555.0
2024-08-12,HOUSTON,61.61,53386.0
2024-08-12,NORTH,56.47,47817.0
2024-08-12,SOUTH,58.78,51591.0
2024-08-12,WEST,54.53,49437.0
2024-08-13,HOUSTON,62.39,51761.0
2024-08-13,NORTH,56.31,51314.0
2024-08-13,SOUTH,59.14,48747.0
2024-08-13,WEST,58.3,50559.0
2024-08-14,HOUSTON,174.68,49865.0
2024-08-14,NORTH,173.08,52484.0
2024-08-14,SOUTH,176.45,51331.0
2024-08-14,WEST,171.08,49749.0
2024-08-15,HOUSTON,55.49,49600.0
2024-08-15,NORTH,60.75,48839.0
2024-08-15,SOUTH,61.4,48756.0
2024-08-15,WEST,54.73,48898.0
2024-08-16,HOUSTON,70.45,51506.0
2024-08-16,NORTH,59.62,47732.0
2024-08-16,SOUTH,74.19,51889.0
2024-08-16,WEST,53.02,50018.0
2024-08-17,HOUSTON,60.34,52085.0
2024-08-17,NORTH,68.55,51090.0
2024-08-17,SOUTH,70.27,46834.0
2024-08-17,WEST,52.01,46581.0
2024-08-18,HOUSTON,66.85,51194.0
2024-08-18,NORTH,61.74,51947.0
2024-08-18,SOUTH,68.24,50132.0
2024-08-18,WEST,49.05,50443.0
2024-08-19,HOUSTON,55.03,51484.0
2024-08-19,NORTH,71.78,49357.0
2024-08-19,SOUTH,60.72,51767.0
2024-08-19,WEST,58.68,51402.0
2024-08-20,HOUSTON,72.43,49650.0
2024-08-20,NORTH,56.72,52645.0
2024-08-20,SOUTH,65.02,51013.0
2024-08-20,WEST,64.42,49244.0
2024-08-21,HOUSTON,57.96,52553.0
2024-08-21,NORTH,54.18,53813.0
2024-08-21,SOUTH,53.52,49385.0
2024-08-21,WEST,50.97,51035.0
2024-08-22,HOUSTON,72.94,50099.0
2024-08-22,NORTH,58.77,49294.0
2024-08-22,SOUTH,56.87,49120.0
2024-08-22,WEST,60.71,52023.0
2024-08-23,HOUSTON,62.25,50036.0
2024-08-23,NORTH,64.76,49532.0
2024-08-23,SOUTH,67.43,49754.0
2024-08-23,WEST,62.03,48895.0
2024-08-24,HOUSTON,76.4,50188.0
2024-08-24,NORTH,60.94,50053.0
2024-08-24,SOUTH,46.86,50550.0
2024-08-24,WEST,48.62,53343.0
2024-08-25,HOUSTON,164.31,52271.0
2024-08-25,NORTH,160.98,48145.0
2024-08-25,SOUTH,167.4,55478.0
2024-08-25,WEST,167.45,49470.0
2024-08-26,HOUSTON,68.71,51715.0
2024-08-26,NORTH,56.53,49073.0
2024-08-26,SOUTH,52.62,51208.0
2024-08-26,WEST,62.37,51678.0
2024-08-27,HOUSTON,65.31,50376.0
2024-08-27,NORTH,60.47,50007.0
2024-08-27,SOUTH,64.91,53376.0
2024-08-27,WEST,56.36,50851.0
2024-08-28,HOUSTON,65.3,50034.0
2024-08-28,NORTH,66.81,51037.0
2024-08-28,SOUTH,56.4,50823.0
2024-08-28,WEST,52.07,52476.0
2024-08-29,HOUSTON,66.56,49876.0
2024-08-29,NORTH,61.14,52275.0
2024-08-29,SOUTH,68.22,53833.0
2024-08-29,WEST,60.68,49863.0
2024-08-30,HOUSTON,60.93,51804.0
2024-08-30,NORTH,60.93,50637.0
2024-08-30,SOUTH,54.95,50811.0
2024-08-30,WEST,59.11,50491.0
2024-08-31,HOUSTON,57.76,51023.0
2024-08-31,NORTH,59.13,52195.0
2024-08-31,SOUTH,67.36,52802.0
2024-08-31,WEST,51.77,52092.0
2024-09-01,HOUSTON,69.52,52217.0
2024-09-01,NORTH,57.82,53177.0
2024-09-01,SOUTH,58.6,48299.0
2024-09-01,WEST,39.91,52888.0
2024-09-02,HOUSTON,61.96,51682.0
2024-09-02,NORTH,61.4,52606.0
2024-09-02,SOUTH,58.37,48439.0
2024-09-02,WEST,64.42,51176.0
2024-09-03,HOUSTON,63.83,49481.0
2024-09-03,NORTH,60.6,50343.0
2024-09-03,SOUTH,52.75,49130.0
2024-09-03,WEST,37.62,51959.0
2024-09-04,HOUSTON,68.12,53362.0
2024-09-04,NORTH,62.23,49770.0
2024-09-04,SOUTH,64.12,50772.0
2024-09-04,WEST,55.06,48017.0
2024-09-05,HOUSTON,214.03,50991.0
2024-09-05,NORTH,204.09,49602.0
2024-09-05,SOUTH,200.03,49287.0
2024-09-05,WEST,183.41,48664.0
2024-09-06,HOUSTON,64.54,51347.0
2024-09-06,NORTH,61.57,50581.0
2024-09-06,SOUTH,59.51,51848.0
2024-09-06,WEST,52.02,50048.0
2024-09-07,HOUSTON,64.25,53000.0
2024-09-07,NORTH,57.76,52716.0
2024-09-07,SOUTH,56.42,52899.0
2024-09-07,WEST,51.0,50745.0
2024-09-08,HOUSTON,58.83,48657.0
2024-09-08,NORTH,56.68,49491.0
2024-09-08,SOUTH,55.42,52157.0
2024-09-08,WEST,54.72,51032.0
2024-09-09,HOUSTON,51.96,52983.0
2024-09-09,NORTH,69.0,46464.0
2024-09-09,SOUTH,56.5,49241.0
2024-09-09,WEST,57.02,52355.0
2024-09-10,HOUSTON,78.33,50250.0
2024-09-10,NORTH,62.75,51541.0
2024-09-10,SOUTH,61.82,52940.0
2024-09-10,WEST,58.34,50148.0
2024-09-11,HOUSTON,60.3,50160.0
2024-09-11,NORTH,60.83,47391.0
2024-09-11,SOUTH,60.82,49123.0
2024-09-11,WEST,47.24,51039.0
2024-09-12,HOUSTON,61.46,49279.0
2024-09-12,NORTH,62.18,51202.0
2024-09-12,SOUTH,61.15,51579.0
2024-09-12,WEST,59.49,50833.0
2024-09-13,HOUSTON,54.92,48945.0
2024-09-13,NORTH,57.63,49529.0
2024-09-13,SOUTH,56.73,49836.0
2024-09-13,WEST,57.83,48580.0
2024-09-14,HOUSTON,59.36,47341.0
2024-09-14,NORTH,64.63,52903.0
2024-09-14,SOUTH,57.44,49394.0
2024-09-14,WEST,47.5,46645.0
2024-09-15,HOUSTON,62.35,51672.0
2024-09-15,NORTH,66.92,47535.0
2024-09-15,SOUTH,63.02,47386.0
2024-09-15,WEST,55.97,49461.0
2024-09-16,HOUSTON,65.03,50049.0
2024-09-16,NORTH,56.88,49364.0
2024-09-16,SOUTH,51.39,50336.0
2024-09-16,WEST,47.79,49199.0
2024-09-17,HOUSTON,61.81,49800.0
2024-09-17,NORTH,65.57,47741.0
2024-09-17,SOUTH,54.89,52283.0
2024-09-17,WEST,54.14,51712.0
2024-09-18,HOUSTON,56.47,48085.0
2024-09-18,NORTH,66.35,52297.0
2024-09-18,SOUTH,55.68,50268.0
2024-09-18,WEST,44.53,50129.0
2024-09-19,HOUSTON,70.65,50737.0
2024-09-19,NORTH,58.61,48704.0
2024-09-19,SOUTH,53.78,49978.0
2024-09-19,WEST,54.15,50721.0
2024-09-20,HOUSTON,59.96,46824.0
2024-09-20,NORTH,49.95,47634.0
2024-09-20,SOUTH,57.91,49254.0
2024-09-20,WEST,61.42,48748.0
2024-09-21,HOUSTON,59.98,51311.0
2024-09-21,NORTH,58.18,51707.0
2024-09-21,SOUTH,58.17,49186.0
2024-09-21,WEST,48.89,48426.0
2024-09-22,HOUSTON,53.87,45353.0
2024-09-22,NORTH,50.62,47951.0
2024-09-22,SOUTH,61.16,48762.0
2024-09-22,WEST,53.53,50032.0
2024-09-23,HOUSTON,51.5,48566.0
2024-09-23,NORTH,61.42,51497.0
2024-09-23,SOUTH,54.93,44771.0
2024-09-23,WEST,64.57,51454.0
2024-09-24,HOUSTON,61.33,49545.0
2024-09-24,NORTH,52.47,46585.0
2024-09-24,SOUTH,61.53,48296.0
2024-09-24,WEST,69.69,46828.0
2024-09-25,HOUSTON,54.52,49639.0
2024-09-25,NORTH,57.57,51811.0
2024-09-25,SOUTH,55.82,46160.0
2024-09-25,WEST,43.78,48513.0
2024-09-26,HOUSTON,52.83,46477.0
2024-09-26,NORTH,58.14,51571.0
2024-09-26,SOUTH,69.05,48671.0
2024-09-26,WEST,48.49,46541.0
2024-09-27,HOUSTON,55.15,48582.0
2024-09-27,NORTH,53.54,50823.0
2024-09-27,SOUTH,61.78,49466.0
2024-09-27,WEST,35.65,46972.0
2024-09-28,HOUSTON,55.05,48516.0
2024-09-28,NORTH,48.45,47924.0
2024-09-28,SOUTH,54.65,46262.0
2024-09-28,WEST,40.09,49714.0
2024-09-29,HOUSTON,56.77,48676.0
2024-09-29,NORTH,61.36,50616.0
2024-09-29,SOUTH,53.77,47625.0
2024-09-29,WEST,62.62,49095.0
2024-09-30,HOUSTON,54.81,48450.0
2024-09-30,NORTH,51.06,50150.0
2024-09-30,SOUTH,56.9,47473.0
2024-09-30,WEST,47.69,47536.0
2024-10-01,HOUSTON,58.85,47511.0
2024-10-01,NORTH,49.28,45694.0
2024-10-01,SOUTH,63.56,48464.0
2024-10-01,WEST,47.08,48253.0
2024-10-02,HOUSTON,55.66,48533.0
2024-10-02,NORTH,54.89,48401.0
2024-10-02,SOUTH,49.65,50416.0
2024-10-02,WEST,47.07,50420.0
2024-10-03,HOUSTON,54.66,52202.0
2024-10-03,NORTH,53.14,47159.0
2024-10-03,SOUTH,57.25,46937.0
2024-10-03,WEST,57.03,46544.0
2024-10-04,HOUSTON,56.35,51636.0
2024-10-04,NORTH,46.78,47444.0
2024-10-04,SOUTH,57.73,48438.0
2024-10-04,WEST,40.35,49471.0
2024-10-05,HOUSTON,54.86,47460.0
2024-10-05,NORTH,51.03,49927.0
2024-10-05,SOUTH,55.97,49882.0
2024-10-05,WEST,43.64,47877.0
2024-10-06,HOUSTON,54.6,47082.0
2024-10-06,NORTH,53.34,47776.0
2024-10-06,SOUTH,47.04,48539.0
2024-10-06,WEST,46.88,43818.0
2024-10-07,HOUSTON,55.63,45428.0
2024-10-07,NORTH,52.14,49296.0
2024-10-07,SOUTH,60.46,47776.0
2024-10-07,WEST,43.53,49047.0
2024-10-08,HOUSTON,58.94,48966.0
2024-10-08,NORTH,55.26,46291.0
2024-10-08,SOUTH,54.22,50943.0
2024-10-08,WEST,49.94,50715.0
2024-10-09,HOUSTON,44.67,49661.0
2024-10-09,NORTH,49.1,44106.0
2024-10-09,SOUTH,52.98,45549.0
2024-10-09,WEST,58.4,46583.0
2024-10-10,HOUSTON,57.98,48676.0
2024-10-10,NORTH,55.03,46474.0
2024-10-10,SOUTH,58.38,45183.0
2024-10-10,WEST,43.84,46758.0
2024-10-11,HOUSTON,53.31,47091.0
2024-10-11,NORTH,60.02,45322.0
2024-10-11,SOUTH,59.87,44889.0
2024-10-11,WEST,48.39,45897.0
2024-10-12,HOUSTON,52.29,46264.0
2024-10-12,NORTH,58.54,46674.0
2024-10-12,SOUTH,54.28,48653.0
2024-10-12,WEST,57.1,47328.0
2024-10-13,HOUSTON,46.48,43509.0
2024-10-13,NORTH,49.07,46706.0
2024-10-13,SOUTH,60.11,46355.0
2024-10-13,WEST,47.4,47206.0
2024-10-14,HOUSTON,54.28,44773.0
2024-10-14,NORTH,54.46,47274.0
2024-10-14,SOUTH,58.77,46308.0
2024-10-14,WEST,39.27,48948.0
2024-10-15,HOUSTON,45.15,46982.0
2024-10-15,NORTH,52.57,45031.0
2024-10-15,SOUTH,51.08,45425.0
2024-10-15,WEST,50.94,47871.0
2024-10-16,HOUSTON,53.87,47805.0
2024-10-16,NORTH,42.89,47845.0
2024-10-16,SOUTH,55.59,48155.0
2024-10-16,WEST,51.27,46792.0
2024-10-17,HOUSTON,50.65,46435.0
2024-10-17,NORTH,46.03,49258.0
2024-10-17,SOUTH,59.11,49277.0
2024-10-17,WEST,56.89,46139.0
2024-10-18,HOUSTON,52.6,47077.0
2024-10-18,NORTH,49.77,48803.0
2024-10-18,SOUTH,55.14,46513.0
2024-10-18,WEST,44.99,48300.0
2024-10-19,HOUSTON,52.47,47341.0
2024-10-19,NORTH,54.13,45012.0
2024-10-19,SOUTH,52.72,49056.0
2024-10-19,WEST,52.68,45858.0
2024-10-20,HOUSTON,52.52,45919.0
2024-10-20,NORTH,46.66,46376.0
2024-10-20,SOUTH,52.64,46317.0
2024-10-20,WEST,53.48,45841.0
2024-10-21,HOUSTON,64.71,48810.0
2024-10-21,NORTH,47.76,44372.0
2024-10-21,SOUTH,49.65,47423.0
2024-10-21,WEST,30.92,47408.0
2024-10-22,HOUSTON,52.32,44484.0
2024-10-22,NORTH,37.63,46469.0
2024-10-22,SOUTH,47.64,45656.0
2024-10-22,WEST,43.22,47588.0
2024-10-23,HOUSTON,48.64,46727.0
2024-10-23,NORTH,48.0,42991.0
2024-10-23,SOUTH,45.07,44206.0
2024-10-23,WEST,56.92,44965.0
2024-10-24,HOUSTON,45.65,43830.0
2024-10-24,NORTH,44.09,47315.0
2024-10-24,SOUTH,48.33,47507.0
2024-10-24,WEST,37.75,45085.0
2024-10-25,HOUSTON,55.08,46878.0
2024-10-25,NORTH,47.31,44637.0
2024-10-25,SOUTH,38.74,48466.0
2024-10-25,WEST,52.39,49749.0
2024-10-26,HOUSTON,47.81,46107.0
2024-10-26,NORTH,47.05,45169.0
2024-10-26,SOUTH,52.1,48123.0
2024-10-26,WEST,41.38,43092.0
2024-10-27,HOUSTON,55.2,46692.0
2024-10-27,NORTH,42.79,47736.0
2024-10-27,SOUTH,37.91,47229.0
2024-10-27,WEST,32.62,46079.0
2024-10-28,HOUSTON,49.66,44388.0
2024-10-28,NORTH,58.1,46759.0
2024-10-28,SOUTH,58.61,47564.0
2024-10-28,WEST,25.1,44809.0
2024-10-29,HOUSTON,44.96,45367.0
2024-10-29,NORTH,42.3,45622.0
2024-10-29,SOUTH,42.53,45820.0
2024-10-29,WEST,37.02,48407.0
2024-10-30,HOUSTON,39.23,45865.0
2024-10-30,NORTH,57.52,48893.0
2024-10-30,SOUTH,41.28,44735.0
2024-10-30,WEST,32.29,44498.0
2024-10-31,HOUSTON,59.32,44392.0
2024-10-31,NORTH,47.85,44324.0
2024-10-31,SOUTH,43.25,43790.0
2024-10-31,WEST,53.63,44239.0
2024-11-01,HOUSTON,44.32,44071.0
2024-11-01,NORTH,36.6,45767.0
2024-11-01,SOUTH,44.18,42672.0
2024-11-01,WEST,25.14,44994.0
2024-11-02,HOUSTON,45.96,44119.0
2024-11-02,NORTH,45.26,45083.0
2024-11-02,SOUTH,50.78,41573.0
2024-11-02,WEST,47.36,43690.0
2024-11-03,HOUSTON,39.75,43129.0
2024-11-03,NORTH,43.54,45289.0
2024-11-03,SOUTH,44.14,42338.0
2024-11-03,WEST,38.64,46686.0
2024-11-04,HOUSTON,46.91,44591.0
2024-11-04,NORTH,43.2,46681.0
2024-11-04,SOUTH,41.17,39725.0
2024-11-04,WEST,47.15,46286.0
2024-11-05,HOUSTON,48.39,46798.0
2024-11-05,NORTH,39.67,41670.0
2024-11-05,SOUTH,43.51,44944.0
2024-11-05,WEST,29.74,45566.0
2024-11-06,HOUSTON,47.33,43074.0
2024-11-06,NORTH,52.74,43443.0
2024-11-06,SOUTH,43.93,46197.0
2024-11-06,WEST,41.53,45807.0
2024-11-07,HOUSTON,57.99,46021.0
2024-11-07,NORTH,35.67,45633.0
2024-11-07,SOUTH,32.47,47278.0
2024-11-07,WEST,32.94,43336.0
2024-11-08,HOUSTON,46.43,45676.0
2024-11-08,NORTH,36.85,43857.0
2024-11-08,SOUTH,34.63,46266.0
2024-11-08,WEST,44.23,43637.0
2024-11-09,HOUSTON,48.85,45857.0
2024-11-09,NORTH,39.54,45715.0
2024-11-09,SOUTH,51.19,43523.0
2024-11-09,WEST,49.14,45549.0
2024-11-10,HOUSTON,56.65,45295.0
2024-11-10,NORTH,52.28,44617.0
2024-11-10,SOUTH,35.57,45294.0
2024-11-10,WEST,42.45,43406.0
2024-11-11,HOUSTON,58.85,45950.0
2024-11-11,NORTH,45.45,44387.0
2024-11-11,SOUTH,31.47,44993.0
2024-11-11,WEST,38.72,43457.0
2024-11-12,HOUSTON,46.96,43754.0
2024-11-12,NORTH,38.73,41579.0
2024-11-12,SOUTH,48.71,40870.0
2024-11-12,WEST,44.18,41794.0
2024-11-13,HOUSTON,47.07,45179.0
2024-11-13,NORTH,35.95,47410.0
2024-11-13,SOUTH,43.41,45198.0
2024-11-13,WEST,42.35,43114.0
2024-11-14,HOUSTON,40.22,41247.0
2024-11-14,NORTH,51.77,45728.0
2024-11-14,SOUTH,50.62,41870.0
2024-11-14,WEST,33.19,43088.0
2024-11-15,HOUSTON,61.43,40538.0
2024-11-15,NORTH,45.97,45012.0
2024-11-15,SOUTH,43.81,43211.0
2024-11-15,WEST,22.54,43688.0
2024-11-16,HOUSTON,53.72,45700.0
2024-11-16,NORTH,38.73,41711.0
2024-11-16,SOUTH,44.5,45567.0
2024-11-16,WEST,34.21,43816.0
2024-11-17,HOUSTON,53.95,40409.0
2024-11-17,NORTH,43.81,40066.0
2024-11-17,SOUTH,51.88,44851.0
2024-11-17,WEST,21.58,42514.0
2024-11-18,HOUSTON,43.88,39749.0
2024-11-18,NORTH,48.0,41404.0
2024-11-18,SOUTH,50.72,45565.0
2024-11-18,WEST,30.95,44543.0
2024-11-19,HOUSTON,45.66,44490.0
2024-11-19,NORTH,28.91,42306.0
2024-11-19,SOUTH,43.31,44273.0
2024-11-19,WEST,54.14,43429.0
2024-11-20,HOUSTON,41.33,42163.0
2024-11-20,NORTH,37.65,44685.0
2024-11-20,SOUTH,41.47,45299.0
2024-11-20,WEST,47.38,43898.0
2024-11-21,HOUSTON,45.57,43395.0
2024-11-21,NORTH,38.38,43985.0
2024-11-21,SOUTH,37.63,43465.0
2024-11-21,WEST,32.4,43210.0
2024-11-22,HOUSTON,43.23,44262.0
2024-11-22,NORTH,42.83,45102.0
2024-11-22,SOUTH,39.86,42593.0
2024-11-22,WEST,38.72,42088.0
2024-11-23,HOUSTON,44.5,43951.0
2024-11-23,NORTH,35.52,42291.0
2024-11-23,SOUTH,43.87,43262.0
2024-11-23,WEST,47.45,43329.0
2024-11-24,HOUSTON,43.38,44850.0
2024-11-24,NORTH,42.78,41077.0
2024-11-24,SOUTH,41.93,45495.0
2024-11-24,WEST,35.53,42560.0
2024-11-25,HOUSTON,42.43,45244.0
2024-11-25,NORTH,36.13,41871.0
2024-11-25,SOUTH,36.53,43067.0
2024-11-25,WEST,23.06,42139.0
2024-11-26,HOUSTON,50.18,43831.0
2024-11-26,NORTH,42.45,41382.0
2024-11-26,SOUTH,49.68,40658.0
2024-11-26,WEST,23.68,41641.0
2024-11-27,HOUSTON,41.4,42640.0
2024-11-27,NORTH,30.35,41913.0
2024-11-27,SOUTH,42.35,42174.0
2024-11-27,WEST,45.17,38268.0
2024-11-28,HOUSTON,40.46,42748.0
2024-11-28,NORTH,51.46,42668.0
2024-11-28,SOUTH,36.03,46743.0
2024-11-28,WEST,45.31,45125.0
2024-11-29,HOUSTON,41.21,43016.0
2024-11-29,NORTH,35.12,41867.0
2024-11-29,SOUTH,41.74,44829.0
2024-11-29,WEST,44.25,43393.0
2024-11-30,HOUSTON,44.09,37952.0
2024-11-30,NORTH,31.16,42819.0
2024-11-30,SOUTH,42.69,42424.0
2024-11-30,WEST,38.96,44898.0
2024-12-01,HOUSTON,29.4,44342.0
2024-12-01,NORTH,27.96,41071.0
2024-12-01,SOUTH,44.02,38929.0
2024-12-01,WEST,37.37,42349.0
2024-12-02,HOUSTON,48.63,39875.0
2024-12-02,NORTH,39.55,44274.0
2024-12-02,SOUTH,42.71,42855.0
2024-12-02,WEST,36.93,43545.0
2024-12-03,HOUSTON,42.56,43927.0
2024-12-03,NORTH,39.94,43473.0
2024-12-03,SOUTH,41.99,44041.0
2024-12-03,WEST,32.0,41672.0
2024-12-04,HOUSTON,38.61,42263.0
2024-12-04,NORTH,36.69,42609.0
2024-12-04,SOUTH,45.86,37922.0
2024-12-04,WEST,36.12,39586.0
2024-12-05,HOUSTON,39.96,41636.0
2024-12-05,NORTH,27.43,42611.0
2024-12-05,SOUTH,45.39,42689.0
2024-12-05,WEST,36.88,44472.0
2024-12-06,HOUSTON,45.03,41202.0
2024-12-06,NORTH,36.34,40524.0
2024-12-06,SOUTH,34.55,43327.0
2024-12-06,WEST,25.66,43418.0
2024-12-07,HOUSTON,41.87,41506.0
2024-12-07,NORTH,45.17,42611.0
2024-12-07,SOUTH,41.34,42070.0
2024-12-07,WEST,46.64,44989.0
2024-12-08,HOUSTON,41.49,44529.0
2024-12-08,NORTH,24.01,44482.0
2024-12-08,SOUTH,35.81,43438.0
2024-12-08,WEST,36.36,43352.0
2024-12-09,HOUSTON,43.79,39487.0
2024-12-09,NORTH,33.2,45530.0
2024-12-09,SOUTH,37.07,37734.0
2024-12-09,WEST,38.24,44886.0
2024-12-10,HOUSTON,38.23,40045.0
2024-12-10,NORTH,34.31,40311.0
2024-12-10,SOUTH,39.18,42850.0
2024-12-10,WEST,26.22,38472.0
2024-12-11,HOUSTON,51.72,39070.0
2024-12-11,NORTH,43.68,41759.0
2024-12-11,SOUTH,35.21,40787.0
2024-12-11,WEST,30.86,45070.0
2024-12-12,HOUSTON,30.21,39516.0
2024-12-12,NORTH,28.02,40888.0
2024-12-12,SOUTH,42.31,43792.0
2024-12-12,WEST,27.8,41800.0
2024-12-13,HOUSTON,36.47,41320.0
2024-12-13,NORTH,39.89,41381.0
2024-12-13,SOUTH,34.97,42883.0
2024-12-13,WEST,22.07,43266.0
2024-12-14,HOUSTON,44.54,45286.0
2024-12-14,NORTH,40.46,46349.0
2024-12-14,SOUTH,33.55,39528.0
2024-12-14,WEST,25.07,40414.0
2024-12-15,HOUSTON,33.24,44232.0
2024-12-15,NORTH,32.23,43542.0
2024-12-15,SOUTH,41.23,44298.0
2024-12-15,WEST,45.18,40332.0
2024-12-16,HOUSTON,41.66,41960.0
2024-12-16,NORTH,32.78,39759.0
2024-12-16,SOUTH,29.02,39834.0
2024-12-16,WEST,31.29,45168.0
2024-12-17,HOUSTON,43.9,41814.0
2024-12-17,NORTH,39.54,41585.0
2024-12-17,SOUTH,28.31,41192.0
2024-12-17,WEST,33.45,38921.0
2024-12-18,HOUSTON,42.49,43788.0
2024-12-18,NORTH,25.02,40485.0
2024-12-18,SOUTH,41.93,44305.0
2024-12-18,WEST,29.35,43168.0
2024-12-19,HOUSTON,40.74,41038.0
2024-12-19,NORTH,30.08,40372.0
2024-12-19,SOUTH,36.25,40257.0
2024-12-19,WEST,28.82,42882.0
2024-12-20,HOUSTON,28.86,42788.0
2024-12-20,NORTH,33.56,40680.0
2024-12-20,SOUTH,27.27,45221.0
2024-12-20,WEST,22.43,42980.0
2024-12-21,HOUSTON,30.37,41087.0
2024-12-21,NORTH,23.94,44782.0
2024-12-21,SOUTH,32.81,42662.0
2024-12-21,WEST,30.45,40473.0
2024-12-22,HOUSTON,37.36,42629.0
2024-12-22,NORTH,31.83,42080.0
2024-12-22,SOUTH,28.88,43517.0
2024-12-22,WEST,21.0,42771.0
2024-12-23,HOUSTON,36.6,41401.0
2024-12-23,NORTH,27.68,41474.0
2024-12-23,SOUTH,23.02,41432.0
2024-12-23,WEST,29.18,40530.0
2024-12-24,HOUSTON,34.67,42852.0
2024-12-24,NORTH,31.57,39223.0
2024-12-24,SOUTH,27.31,38629.0
2024-12-24,WEST,16.39,40730.0
2024-12-25,HOUSTON,39.49,44764.0
2024-12-25,NORTH,27.73,43709.0
2024-12-25,SOUTH,31.82,41251.0
2024-12-25,WEST,20.1,41252.0
2024-12-26,HOUSTON,28.7,44238.0
2024-12-26,NORTH,27.39,44906.0
2024-12-26,SOUTH,25.65,39632.0
2024-12-26,WEST,22.41,43915.0
2024-12-27,HOUSTON,23.97,41697.0
2024-12-27,NORTH,37.5,43157.0
2024-12-27,SOUTH,33.17,40934.0
2024-12-27,WEST,28.01,41864.0
2024-12-28,HOUSTON,30.87,44139.0
2024-12-28,NORTH,24.72,43116.0
2024-12-28,SOUTH,30.43,42750.0
2024-12-28,WEST,16.5,41963.0
2024-12-29,HOUSTON,40.76,44587.0
2024-12-29,NORTH,24.43,41361.0
2024-12-29,SOUTH,24.61,42053.0
2024-12-29,WEST,25.08,43180.0
2024-12-30,HOUSTON,34.09,42861.0
2024-12-30,NORTH,31.53,41756.0
2024-12-30,SOUTH,33.2,39976.0
2024-12-30,WEST,26.35,43570.0
2024-12-31,HOUSTON,37.49,43670.0
2024-12-31,NORTH,25.8,40324.0
2024-12-31,SOUTH,27.7,41470.0
2024-12-31,WEST,28.37,40692.0
2025-01-01,HOUSTON,30.64,40467.0
2025-01-01,NORTH,24.29,41047.0
2025-01-01,SOUTH,24.27,43410.0
2025-01-01,WEST,15.21,44895.0
2025-01-02,HOUSTON,32.04,38381.0
2025-01-02,NORTH,37.03,44546.0
2025-01-02,SOUTH,23.8,43107.0
2025-01-02,WEST,15.48,42684.0
2025-01-03,HOUSTON,31.7,39933.0
2025-01-03,NORTH,27.08,43176.0
2025-01-03,SOUTH,22.41,40806.0
2025-01-03,WEST,13.62,42171.0
2025-01-04,HOUSTON,26.44,41313.0
2025-01-04,NORTH,24.24,44177.0
2025-01-04,SOUTH,31.05,42501.0
2025-01-04,WEST,5.69,39065.0
2025-01-05,HOUSTON,33.86,42585.0
2025-01-05,NORTH,22.21,42680.0
2025-01-05,SOUTH,35.22,42125.0
2025-01-05,WEST,17.24,41456.0
2025-01-06,HOUSTON,22.62,41930.0
2025-01-06,NORTH,22.82,39750.0
2025-01-06,SOUTH,28.85,40380.0
2025-01-06,WEST,10.59,42351.0
2025-01-07,HOUSTON,27.91,44807.0
2025-01-07,NORTH,24.7,41021.0
2025-01-07,SOUTH,27.15,38970.0
2025-01-07,WEST,15.23,43149.0
2025-01-08,HOUSTON,34.31,41184.0
2025-01-08,NORTH,28.85,43668.0
2025-01-08,SOUTH,26.75,39241.0
2025-01-08,WEST,24.95,42507.0
2025-01-09,HOUSTON,20.22,42328.0
2025-01-09,NORTH,35.04,43231.0
2025-01-09,SOUTH,29.16,44122.0
2025-01-09,WEST,19.53,41485.0
2025-01-10,HOUSTON,35.4,40082.0
2025-01-10,NORTH,27.36,43255.0
2025-01-10,SOUTH,20.75,44275.0
2025-01-10,WEST,15.92,41736.0
2025-01-11,HOUSTON,32.0,43590.0
2025-01-11,NORTH,24.05,39718.0
2025-01-11,SOUTH,27.69,44393.0
2025-01-11,WEST,12.48,40013.0
2025-01-12,HOUSTON,30.08,38348.0
2025-01-12,NORTH,20.87,46508.0
2025-01-12,SOUTH,32.27,39222.0
2025-01-12,WEST,10.1,40406.0
2025-01-13,HOUSTON,37.2,41752.0
2025-01-13,NORTH,26.94,39552.0
2025-01-13,SOUTH,34.44,43154.0
2025-01-13,WEST,5.34,43390.0
2025-01-14,HOUSTON,25.26,42547.0
2025-01-14,NORTH,25.68,42517.0
2025-01-14,SOUTH,32.1,40459.0
2025-01-14,WEST,14.72,41514.0
2025-01-15,HOUSTON,23.6,41851.0
2025-01-15,NORTH,31.63,39790.0
2025-01-15,SOUTH,34.99,40931.0
2025-01-15,WEST,24.34,42973.0
2025-01-16,HOUSTON,13.7,41651.0
2025-01-16,NORTH,27.21,39565.0
2025-01-16,SOUTH,22.36,41183.0
2025-01-16,WEST,16.89,42952.0
2025-01-17,HOUSTON,17.98,44001.0
2025-01-17,NORTH,29.8,44351.0
2025-01-17,SOUTH,26.43,44107.0
2025-01-17,WEST,8.03,44702.0
2025-01-18,HOUSTON,24.25,41187.0
2025-01-18,NORTH,29.49,42173.0
2025-01-18,SOUTH,35.69,38833.0
2025-01-18,WEST,21.08,40721.0
2025-01-19,HOUSTON,31.76,42773.0
2025-01-19,NORTH,30.09,44182.0
2025-01-19,SOUTH,17.5,40802.0
2025-01-19,WEST,7.79,41939.0
2025-01-20,HOUSTON,30.38,40866.0
2025-01-20,NORTH,28.45,42079.0
2025-01-20,SOUTH,36.77,43434.0
2025-01-20,WEST,8.41,38648.0
2025-01-21,HOUSTON,34.54,41955.0
2025-01-21,NORTH,37.1,41408.0
2025-01-21,SOUTH,28.67,40629.0
2025-01-21,WEST,20.93,40888.0
2025-01-22,HOUSTON,47.44,41347.0
2025-01-22,NORTH,22.7,45541.0
2025-01-22,SOUTH,26.47,43134.0
2025-01-22,WEST,18.53,41408.0
2025-01-23,HOUSTON,32.07,40709.0
2025-01-23,NORTH,30.19,42814.0
2025-01-23,SOUTH,31.75,40635.0
2025-01-23,WEST,25.47,44801.0
2025-01-24,HOUSTON,24.42,44266.0
2025-01-24,NORTH,27.36,41555.0
2025-01-24,SOUTH,27.15,43830.0
2025-01-24,WEST,6.64,42345.0
2025-01-25,HOUSTON,23.74,44194.0
2025-01-25,NORTH,23.38,39261.0
2025-01-25,SOUTH,23.23,42395.0
2025-01-25,WEST,16.58,40633.0
2025-01-26,HOUSTON,32.49,42317.0
2025-01-26,NORTH,24.98,40582.0
2025-01-26,SOUTH,19.21,43488.0
2025-01-26,WEST,15.86,44856.0
2025-01-27,HOUSTON,34.7,41343.0
2025-01-27,NORTH,32.2,39926.0
2025-01-27,SOUTH,27.81,41368.0
2025-01-27,WEST,13.54,45925.0
2025-01-28,HOUSTON,36.29,41434.0
2025-01-28,NORTH,21.41,43548.0
2025-01-28,SOUTH,21.08,43323.0
2025-01-28,WEST,14.06,43663.0
2025-01-29,HOUSTON,20.83,40787.0
2025-01-29,NORTH,21.29,42061.0
2025-01-29,SOUTH,32.08,39625.0
2025-01-29,WEST,1.35,42566.0
2025-01-30,HOUSTON,36.98,43920.0
2025-01-30,NORTH,24.01,43372.0
2025-01-30,SOUTH,26.61,38596.0
2025-01-30,WEST,14.23,44984.0
2025-01-31,HOUSTON,30.13,38566.0
2025-01-31,NORTH,24.85,44846.0
2025-01-31,SOUTH,21.87,38515.0
2025-01-31,WEST,7.4,39933.0
2025-02-01,HOUSTON,28.89,39136.0
2025-02-01,NORTH,20.14,41959.0
2025-02-01,SOUTH,31.81,41507.0
2025-02-01,WEST,15.01,42646.0
2025-02-02,HOUSTON,26.77,43368.0
2025-02-02,NORTH,31.08,41513.0
2025-02-02,SOUTH,24.51,40633.0
2025-02-02,WEST,7.47,39883.0
2025-02-03,HOUSTON,36.84,39366.0
2025-02-03,NORTH,25.78,42922.0
2025-02-03,SOUTH,32.16,39192.0
2025-02-03,WEST,19.67,44796.0
2025-02-04,HOUSTON,31.66,42654.0
2025-02-04,NORTH,20.09,45785.0
2025-02-04,SOUTH,21.79,39093.0
2025-02-04,WEST,16.0,43592.0
2025-02-05,HOUSTON,36.01,41648.0
2025-02-05,NORTH,25.77,42137.0
2025-02-05,SOUTH,29.37,41767.0
2025-02-05,WEST,13.23,43941.0
2025-02-06,HOUSTON,37.61,41245.0
2025-02-06,NORTH,33.76,43660.0
2025-02-06,SOUTH,30.74,44297.0
2025-02-06,WEST,14.16,44476.0
2025-02-07,HOUSTON,21.53,40651.0
2025-02-07,NORTH,31.62,43205.0
2025-02-07,SOUTH,23.03,41794.0
2025-02-07,WEST,9.33,41675.0
2025-02-08,HOUSTON,33.41,42223.0
2025-02-08,NORTH,28.03,45621.0
2025-02-08,SOUTH,24.73,43044.0
2025-02-08,WEST,21.51,40254.0
2025-02-09,HOUSTON,43.0,40199.0
2025-02-09,NORTH,28.44,41738.0
2025-02-09,SOUTH,29.4,41041.0
2025-02-09,WEST,17.15,40635.0
2025-02-10,HOUSTON,20.43,42970.0
2025-02-10,NORTH,33.05,45196.0
2025-02-10,SOUTH,29.42,44116.0
2025-02-10,WEST,14.52,43758.0
2025-02-11,HOUSTON,31.34,40669.0
2025-02-11,NORTH,18.48,44665.0
2025-02-11,SOUTH,24.47,43376.0
2025-02-11,WEST,13.67,43641.0
2025-02-12,HOUSTON,30.25,41476.0
2025-02-12,NORTH,35.41,41963.0
2025-02-12,SOUTH,24.27,44313.0
2025-02-12,WEST,13.64,37799.0
2025-02-13,HOUSTON,32.97,41467.0
2025-02-13,NORTH,21.68,42034.0
2025-02-13,SOUTH,26.35,38714.0
2025-02-13,WEST,14.97,45743.0
2025-02-14,HOUSTON,25.58,40580.0
2025-02-14,NORTH,27.77,42220.0
2025-02-14,SOUTH,27.75,44736.0
2025-02-14,WEST,10.91,44192.0
2025-02-15,HOUSTON,37.89,42338.0
2025-02-15,NORTH,24.67,39559.0
2025-02-15,SOUTH,25.72,43529.0
2025-02-15,WEST,4.37,44157.0
2025-02-16,HOUSTON,29.83,38552.0
2025-02-16,NORTH,32.04,41532.0
2025-02-16,SOUTH,22.03,41173.0
2025-02-16,WEST,0.03,43395.0
2025-02-17,HOUSTON,29.76,41643.0
2025-02-17,NORTH,26.22,41247.0
2025-02-17,SOUTH,36.01,41014.0
2025-02-17,WEST,3.74,42812.0
2025-02-18,HOUSTON,28.99,41469.0
2025-02-18,NORTH,26.81,41842.0
2025-02-18,SOUTH,27.94,44799.0
2025-02-18,WEST,20.01,42515.0
2025-02-19,HOUSTON,34.04,38507.0
2025-02-19,NORTH,28.89,44089.0
2025-02-19,SOUTH,28.25,39536.0
2025-02-19,WEST,8.35,42216.0
2025-02-20,HOUSTON,27.3,45235.0
2025-02-20,NORTH,25.23,42636.0
2025-02-20,SOUTH,27.29,44001.0
2025-02-20,WEST,17.91,41782.0
2025-02-21,HOUSTON,27.94,39835.0
2025-02-21,NORTH,26.25,42223.0
2025-02-21,SOUTH,33.35,40919.0
2025-02-21,WEST,23.6,39830.0
2025-02-22,HOUSTON,26.61,40442.0
2025-02-22,NORTH,24.77,41740.0
2025-02-22,SOUTH,21.09,44604.0
2025-02-22,WEST,15.28,42267.0
2025-02-23,HOUSTON,13.02,39459.0
2025-02-23,NORTH,29.12,40888.0
2025-02-23,SOUTH,24.46,39891.0
2025-02-23,WEST,12.37,43316.0
2025-02-24,HOUSTON,20.63,41223.0
2025-02-24,NORTH,28.72,45586.0
2025-02-24,SOUTH,33.5,40436.0
2025-02-24,WEST,13.36,41199.0
2025-02-25,HOUSTON,22.88,42539.0
2025-02-25,NORTH,22.35,39246.0
2025-02-25,SOUTH,33.96,42077.0
2025-02-25,WEST,20.6,42284.0
2025-02-26,HOUSTON,24.17,43143.0
2025-02-26,NORTH,27.41,39862.0
2025-02-26,SOUTH,27.63,45333.0
2025-02-26,WEST,8.91,42563.0
2025-02-27,HOUSTON,32.13,42985.0
2025-02-27,NORTH,41.44,39171.0
2025-02-27,SOUTH,28.08,44141.0
2025-02-27,WEST,18.34,41853.0
2025-02-28,HOUSTON,30.04,41183.0
2025-02-28,NORTH,30.55,41180.0
2025-02-28,SOUTH,27.28,41217.0
2025-02-28,WEST,28.74,41040.0
2025-03-01,HOUSTON,25.72,40388.0
2025-03-01,NORTH,25.5,43093.0
2025-03-01,SOUTH,29.73,44464.0
2025-03-01,WEST,19.36,41971.0
2025-03-02,HOUSTON,36.88,38285.0
2025-03-02,NORTH,23.97,38665.0
2025-03-02,SOUTH,32.17,43115.0
2025-03-02,WEST,18.36,41478.0
2025-03-03,HOUSTON,27.85,42971.0
2025-03-03,NORTH,26.87,41233.0
2025-03-03,SOUTH,32.48,41735.0
2025-03-03,WEST,17.26,39240.0
2025-03-04,HOUSTON,25.09,42837.0
2025-03-04,NORTH,31.37,40412.0
2025-03-04,SOUTH,14.67,45390.0
2025-03-04,WEST,13.07,44069.0
2025-03-05,HOUSTON,36.6,41208.0
2025-03-05,NORTH,15.64,41115.0
2025-03-05,SOUTH,29.47,39726.0
2025-03-05,WEST,5.16,46953.0
2025-03-06,HOUSTON,28.45,43510.0
2025-03-06,NORTH,27.2,39631.0
2025-03-06,SOUTH,28.36,39542.0
2025-03-06,WEST,19.96,42374.0
2025-03-07,HOUSTON,19.1,37004.0
2025-03-07,NORTH,25.63,42395.0
2025-03-07,SOUTH,21.93,40585.0
2025-03-07,WEST,20.39,43443.0
2025-03-08,HOUSTON,27.34,42064.0
2025-03-08,NORTH,34.06,39800.0
2025-03-08,SOUTH,18.66,42184.0
2025-03-08,WEST,4.17,39852.0
2025-03-09,HOUSTON,33.38,43633.0
2025-03-09,NORTH,26.8,40653.0
2025-03-09,SOUTH,24.06,40910.0
2025-03-09,WEST,15.29,41558.0
2025-03-10,HOUSTON,30.72,43368.0
2025-03-10,NORTH,32.7,40782.0
2025-03-10,SOUTH,25.29,42194.0
2025-03-10,WEST,23.35,41823.0
2025-03-11,HOUSTON,30.5,39733.0
2025-03-11,NORTH,18.8,41383.0
2025-03-11,SOUTH,23.05,44458.0
2025-03-11,WEST,20.6,43419.0
2025-03-12,HOUSTON,31.24,41205.0
2025-03-12,NORTH,22.46,42129.0
2025-03-12,SOUTH,19.89,44192.0
2025-03-12,WEST,19.73,40973.0
2025-03-13,HOUSTON,36.64,45611.0
2025-03-13,NORTH,31.23,43754.0
2025-03-13,SOUTH,28.92,42401.0
2025-03-13,WEST,9.42,42805.0
2025-03-14,HOUSTON,26.34,39751.0
2025-03-14,NORTH,24.0,40404.0
2025-03-14,SOUTH,34.76,39028.0
2025-03-14,WEST,8.38,41343.0
2025-03-15,HOUSTON,33.63,41003.0
2025-03-15,NORTH,29.18,41091.0
2025-03-15,SOUTH,30.76,43906.0
2025-03-15,WEST,15.02,43377.0
2025-03-16,HOUSTON,34.1,41566.0
2025-03-16,NORTH,28.42,43899.0
2025-03-16,SOUTH,29.81,42354.0
2025-03-16,WEST,22.85,41111.0
2025-03-17,HOUSTON,31.12,39607.0
2025-03-17,NORTH,22.61,41417.0
2025-03-17,SOUTH,21.23,43454.0
2025-03-17,WEST,10.91,40553.0
2025-03-18,HOUSTON,28.39,38706.0
2025-03-18,NORTH,25.2,41568.0
2025-03-18,SOUTH,21.77,43494.0
2025-03-18,WEST,27.18,41027.0
2025-03-19,HOUSTON,27.05,43418.0
2025-03-19,NORTH,30.76,40860.0
2025-03-19,SOUTH,18.34,42633.0
2025-03-19,WEST,7.19,40476.0
2025-03-20,HOUSTON,19.73,39303.0
2025-03-20,NORTH,27.78,44447.0
2025-03-20,SOUTH,35.25,42495.0
2025-03-20,WEST,10.91,41381.0
2025-03-21,HOUSTON,25.05,40723.0
2025-03-21,NORTH,20.91,41531.0
2025-03-21,SOUTH,36.1,41567.0
2025-03-21,WEST,22.97,40329.0
2025-03-22,HOUSTON,25.99,44277.0
2025-03-22,NORTH,23.16,40919.0
2025-03-22,SOUTH,22.68,42106.0
2025-03-22,WEST,4.85,41540.0
2025-03-23,HOUSTON,39.81,43793.0
2025-03-23,NORTH,23.75,41216.0
2025-03-23,SOUTH,30.32,39824.0
2025-03-23,WEST,19.51,41188.0
2025-03-24,HOUSTON,27.34,43709.0
2025-03-24,NORTH,25.29,43364.0
2025-03-24,SOUTH,28.05,42759.0
2025-03-24,WEST,18.64,41403.0
2025-03-25,HOUSTON,38.29,40211.0
2025-03-25,NORTH,30.67,42660.0
2025-03-25,SOUTH,27.95,44451.0
2025-03-25,WEST,18.54,40811.0
2025-03-26,HOUSTON,29.75,42035.0
2025-03-26,NORTH,18.7,40784.0
2025-03-26,SOUTH,37.4,44620.0
2025-03-26,WEST,14.71,41502.0
2025-03-27,HOUSTON,29.51,42522.0
2025-03-27,NORTH,23.22,42698.0
2025-03-27,SOUTH,29.25,41024.0
2025-03-27,WEST,13.52,43843.0
2025-03-28,HOUSTON,29.62,42104.0
2025-03-28,NORTH,30.22,41817.0
2025-03-28,SOUTH,24.89,43318.0
2025-03-28,WEST,5.94,43304.0
2025-03-29,HOUSTON,24.02,44484.0
2025-03-29,NORTH,24.62,43325.0
2025-03-29,SOUTH,31.23,42272.0
2025-03-29,WEST,12.78,41984.0
2025-03-30,HOUSTON,33.69,43572.0
2025-03-30,NORTH,25.0,43219.0
2025-03-30,SOUTH,21.85,39034.0
2025-03-30,WEST,10.82,44014.0
2025-03-31,HOUSTON,37.82,41934.0
2025-03-31,NORTH,21.07,42645.0
2025-03-31,SOUTH,21.79,39899.0
2025-03-31,WEST,4.14,42781.0
2025-04-01,HOUSTON,31.35,40845.0
2025-04-01,NORTH,19.78,44310.0
2025-04-01,SOUTH,20.66,42590.0
2025-04-01,WEST,5.62,39354.0
2025-04-02,HOUSTON,35.57,44243.0
2025-04-02,NORTH,32.05,42942.0
2025-04-02,SOUTH,23.91,43461.0
2025-04-02,WEST,19.37,40283.0
2025-04-03,HOUSTON,29.04,43701.0
2025-04-03,NORTH,29.41,42323.0
2025-04-03,SOUTH,32.25,40313.0
2025-04-03,WEST,11.03,39460.0
2025-04-04,HOUSTON,21.71,41968.0
2025-04-04,NORTH,26.85,42802.0
2025-04-04,SOUTH,20.29,41907.0
2025-04-04,WEST,8.62,39527.0
2025-04-05,HOUSTON,39.69,43129.0
2025-04-05,NORTH,25.12,44535.0
2025-04-05,SOUTH,23.69,43319.0
2025-04-05,WEST,13.41,44205.0
2025-04-06,HOUSTON,19.7,43307.0
2025-04-06,NORTH,24.07,41703.0
2025-04-06,SOUTH,26.72,43993.0
2025-04-06,WEST,1.7,41102.0
2025-04-07,HOUSTON,33.71,43152.0
2025-04-07,NORTH,30.12,43661.0
2025-04-07,SOUTH,32.58,43452.0
2025-04-07,WEST,18.24,40703.0
2025-04-08,HOUSTON,34.04,43231.0
2025-04-08,NORTH,24.45,41430.0
2025-04-08,SOUTH,28.7,42178.0
2025-04-08,WEST,20.4,44309.0
2025-04-09,HOUSTON,24.84,39544.0
2025-04-09,NORTH,25.16,46794.0
2025-04-09,SOUTH,17.65,39517.0
2025-04-09,WEST,27.81,39984.0
2025-04-10,HOUSTON,27.93,38475.0
2025-04-10,NORTH,16.29,41536.0
2025-04-10,SOUTH,24.81,41918.0
2025-04-10,WEST,12.79,40838.0
2025-04-11,HOUSTON,36.03,42773.0
2025-04-11,NORTH,27.07,42943.0
2025-04-11,SOUTH,24.57,39425.0
2025-04-11,WEST,20.7,43046.0
2025-04-12,HOUSTON,41.42,37790.0
2025-04-12,NORTH,21.19,42688.0
2025-04-12,SOUTH,22.62,41530.0
2025-04-12,WEST,10.45,42347.0
2025-04-13,HOUSTON,32.53,42698.0
2025-04-13,NORTH,27.8,41373.0
2025-04-13,SOUTH,26.42,41390.0
2025-04-13,WEST,9.13,42734.0
2025-04-14,HOUSTON,25.81,45131.0
2025-04-14,NORTH,23.05,41584.0
2025-04-14,SOUTH,31.16,39343.0
2025-04-14,WEST,10.03,43715.0
2025-04-15,HOUSTON,27.73,41213.0
2025-04-15,NORTH,25.63,39847.0
2025-04-15,SOUTH,30.01,42911.0
2025-04-15,WEST,15.38,39625.0
2025-04-16,HOUSTON,33.07,43639.0
2025-04-16,NORTH,32.79,45348.0
2025-04-16,SOUTH,30.97,42422.0
2025-04-16,WEST,10.91,39921.0
2025-04-17,HOUSTON,16.38,42486.0
2025-04-17,NORTH,20.57,44103.0
2025-04-17,SOUTH,27.01,39765.0
2025-04-17,WEST,14.92,43542.0
2025-04-18,HOUSTON,34.1,41822.0
2025-04-18,NORTH,24.59,43927.0
2025-04-18,SOUTH,29.26,43323.0
2025-04-18,WEST,8.51,42445.0
2025-04-19,HOUSTON,37.7,43436.0
2025-04-19,NORTH,18.72,43870.0
2025-04-19,SOUTH,38.82,43814.0
2025-04-19,WEST,7.1,41973.0
2025-04-20,HOUSTON,29.42,42177.0
2025-04-20,NORTH,25.7,46231.0
2025-04-20,SOUTH,36.58,44179.0
2025-04-20,WEST,19.21,41870.0
2025-04-21,HOUSTON,37.81,44052.0
2025-04-21,NORTH,26.3,39559.0
2025-04-21,SOUTH,13.15,44083.0
2025-04-21,WEST,4.99,42720.0
2025-04-22,HOUSTON,22.55,39799.0
2025-04-22,NORTH,21.27,41471.0
2025-04-22,SOUTH,35.11,40843.0
2025-04-22,WEST,11.38,43504.0
2025-04-23,HOUSTON,28.26,39452.0
2025-04-23,NORTH,22.16,43267.0
2025-04-23,SOUTH,25.83,41206.0
2025-04-23,WEST,22.74,39976.0
2025-04-24,HOUSTON,36.86,44312.0
2025-04-24,NORTH,35.86,43341.0
2025-04-24,SOUTH,21.61,42484.0
2025-04-24,WEST,15.17,42678.0
2025-04-25,HOUSTON,37.07,39301.0
2025-04-25,NORTH,24.24,41997.0
2025-04-25,SOUTH,35.18,44538.0
2025-04-25,WEST,15.97,45847.0
2025-04-26,HOUSTON,32.56,40951.0
2025-04-26,NORTH,29.15,41865.0
2025-04-26,SOUTH,34.43,44668.0
2025-04-26,WEST,11.06,41400.0
2025-04-27,HOUSTON,31.21,43216.0
2025-04-27,NORTH,29.9,40952.0
2025-04-27,SOUTH,36.03,44091.0
2025-04-27,WEST,8.58,43265.0
2025-04-28,HOUSTON,23.54,44617.0
2025-04-28,NORTH,30.84,41180.0
2025-04-28,SOUTH,29.38,44154.0
2025-04-28,WEST,20.3,46072.0
2025-04-29,HOUSTON,21.86,41871.0
2025-04-29,NORTH,25.52,44150.0
2025-04-29,SOUTH,24.51,43317.0
2025-04-29,WEST,12.74,41522.0
2025-04-30,HOUSTON,23.23,42541.0
2025-04-30,NORTH,21.61,42928.0
2025-04-30,SOUTH,26.97,43434.0
2025-04-30,WEST,14.29,41928.0
2025-05-01,HOUSTON,28.98,40778.0
2025-05-01,NORTH,32.99,39565.0
2025-05-01,SOUTH,26.41,41166.0
2025-05-01,WEST,18.45,39247.0
2025-05-02,HOUSTON,34.08,40839.0
2025-05-02,NORTH,34.72,43509.0
2025-05-02,SOUTH,34.38,43111.0
2025-05-02,WEST,7.96,41549.0
2025-05-03,HOUSTON,21.53,44180.0
2025-05-03,NORTH,23.9,43250.0
2025-05-03,SOUTH,28.94,44137.0
2025-05-03,WEST,14.68,41060.0
2025-05-04,HOUSTON,40.09,42862.0
2025-05-04,NORTH,34.26,42549.0
2025-05-04,SOUTH,34.13,42949.0
2025-05-04,WEST,-9.33,43657.0
2025-05-05,HOUSTON,30.38,41896.0
2025-05-05,NORTH,27.37,40870.0
2025-05-05,SOUTH,24.92,43978.0
2025-05-05,WEST,24.1,44909.0
2025-05-06,HOUSTON,33.01,43552.0
2025-05-06,NORTH,36.87,42519.0
2025-05-06,SOUTH,27.66,45604.0
2025-05-06,WEST,21.66,42887.0
2025-05-07,HOUSTON,43.44,41308.0
2025-05-07,NORTH,35.35,42632.0
2025-05-07,SOUTH,31.34,41865.0
2025-05-07,WEST,4.18,43329.0
2025-05-08,HOUSTON,26.86,42520.0
2025-05-08,NORTH,23.1,44564.0
2025-05-08,SOUTH,31.32,42470.0
2025-05-08,WEST,16.5,41188.0
2025-05-09,HOUSTON,21.48,40164.0
2025-05-09,NORTH,34.44,41546.0
2025-05-09,SOUTH,27.71,45760.0
2025-05-09,WEST,15.47,46437.0
2025-05-10,HOUSTON,20.81,45322.0
2025-05-10,NORTH,28.54,38175.0
2025-05-10,SOUTH,30.06,43538.0
2025-05-10,WEST,4.99,44091.0
2025-05-11,HOUSTON,37.51,42231.0
2025-05-11,NORTH,21.0,43033.0
2025-05-11,SOUTH,27.42,44788.0
2025-05-11,WEST,12.01,44375.0
2025-05-12,HOUSTON,23.47,39700.0
2025-05-12,NORTH,31.35,45769.0
2025-05-12,SOUTH,21.5,39893.0
2025-05-12,WEST,9.31,47422.0
2025-05-13,HOUSTON,25.97,42187.0
2025-05-13,NORTH,26.71,42702.0
2025-05-13,SOUTH,30.95,40928.0
2025-05-13,WEST,9.43,43059.0
2025-05-14,HOUSTON,24.05,44849.0
2025-05-14,NORTH,22.86,43240.0
2025-05-14,SOUTH,25.28,37557.0
2025-05-14,WEST,12.18,43136.0
2025-05-15,HOUSTON,31.59,43656.0
2025-05-15,NORTH,34.35,43497.0
2025-05-15,SOUTH,38.68,43060.0
2025-05-15,WEST,18.47,42572.0
2025-05-16,HOUSTON,35.46,37984.0
2025-05-16,NORTH,32.65,40248.0
2025-05-16,SOUTH,32.57,39966.0
2025-05-16,WEST,9.96,40271.0
2025-05-17,HOUSTON,33.74,43553.0
2025-05-17,NORTH,26.73,42937.0
2025-05-17,SOUTH,40.21,39690.0
2025-05-17,WEST,11.17,46032.0
2025-05-18,HOUSTON,33.61,43433.0
2025-05-18,NORTH,31.43,41830.0
2025-05-18,SOUTH,32.17,42900.0
2025-05-18,WEST,10.44,43056.0
2025-05-19,HOUSTON,33.52,44407.0
2025-05-19,NORTH,23.44,44116.0
2025-05-19,SOUTH,36.38,44144.0
2025-05-19,WEST,5.12,41640.0
2025-05-20,HOUSTON,43.15,43655.0
2025-05-20,NORTH,32.59,44701.0
2025-05-20,SOUTH,39.71,46086.0
2025-05-20,WEST,16.37,41810.0
2025-05-21,HOUSTON,34.33,44701.0
2025-05-21,NORTH,23.14,43674.0
2025-05-21,SOUTH,31.66,44048.0
2025-05-21,WEST,28.32,44661.0
2025-05-22,HOUSTON,30.72,43334.0
2025-05-22,NORTH,27.01,43065.0
2025-05-22,SOUTH,28.14,44012.0
2025-05-22,WEST,23.58,46244.0
2025-05-23,HOUSTON,34.3,43566.0
2025-05-23,NORTH,28.38,43439.0
2025-05-23,SOUTH,31.64,42915.0
2025-05-23,WEST,8.44,44289.0
2025-05-24,HOUSTON,26.13,44376.0
2025-05-24,NORTH,35.05,44490.0
2025-05-24,SOUTH,29.43,44517.0
2025-05-24,WEST,19.22,42225.0
2025-05-25,HOUSTON,34.04,46365.0
2025-05-25,NORTH,39.06,43765.0
2025-05-25,SOUTH,37.8,42516.0
2025-05-25,WEST,11.57,42214.0
2025-05-26,HOUSTON,35.27,47874.0
2025-05-26,NORTH,25.63,45786.0
2025-05-26,SOUTH,38.11,44270.0
2025-05-26,WEST,24.37,45398.0
2025-05-27,HOUSTON,40.26,44132.0
2025-05-27,NORTH,36.45,43926.0
2025-05-27,SOUTH,29.92,44990.0
2025-05-27,WEST,5.38,46744.0
2025-05-28,HOUSTON,34.61,39911.0
2025-05-28,NORTH,34.36,46473.0
2025-05-28,SOUTH,33.47,45109.0
2025-05-28,WEST,27.15,44490.0
2025-05-29,HOUSTON,34.81,43230.0
2025-05-29,NORTH,39.87,44727.0
2025-05-29,SOUTH,28.77,46762.0
2025-05-29,WEST,7.8,40559.0
2025-05-30,HOUSTON,35.07,42960.0
2025-05-30,NORTH,35.29,45981.0
2025-05-30,SOUTH,28.02,42258.0
2025-05-30,WEST,22.99,45819.0
2025-05-31,HOUSTON,40.02,45788.0
2025-05-31,NORTH,28.19,43827.0
2025-05-31,SOUTH,32.05,47217.0
2025-05-31,WEST,28.57,42707.0
2025-06-01,HOUSTON,27.17,43417.0
2025-06-01,NORTH,32.5,45390.0
2025-06-01,SOUTH,33.23,40731.0
2025-06-01,WEST,20.46,45476.0
2025-06-02,HOUSTON,25.11,44315.0
2025-06-02,NORTH,24.74,42561.0
2025-06-02,SOUTH,33.72,46919.0
2025-06-02,WEST,30.43,45668.0
2025-06-03,HOUSTON,45.42,42951.0
2025-06-03,NORTH,38.0,44708.0
2025-06-03,SOUTH,29.74,42530.0
2025-06-03,WEST,18.92,46037.0
2025-06-04,HOUSTON,42.3,43626.0
2025-06-04,NORTH,38.66,43382.0
2025-06-04,SOUTH,32.1,42240.0
2025-06-04,WEST,32.02,43405.0
2025-06-05,HOUSTON,40.27,44453.0
2025-06-05,NORTH,39.66,45271.0
2025-06-05,SOUTH,24.29,43715.0
2025-06-05,WEST,17.5,43702.0
2025-06-06,HOUSTON,38.57,46807.0
2025-06-06,NORTH,35.72,47728.0
2025-06-06,SOUTH,31.39,44821.0
2025-06-06,WEST,21.31,45717.0
2025-06-07,HOUSTON,40.39,46683.0
2025-06-07,NORTH,36.31,45397.0
2025-06-07,SOUTH,34.64,49409.0
2025-06-07,WEST,25.73,46784.0
2025-06-08,HOUSTON,32.11,40526.0
2025-06-08,NORTH,29.41,44506.0
2025-06-08,SOUTH,38.45,46526.0
2025-06-08,WEST,39.0,45273.0
2025-06-09,HOUSTON,30.72,44205.0
2025-06-09,NORTH,36.72,46004.0
2025-06-09,SOUTH,48.17,46410.0
2025-06-09,WEST,17.7,44431.0
2025-06-10,HOUSTON,39.09,46538.0
2025-06-10,NORTH,30.75,43274.0
2025-06-10,SOUTH,34.28,42358.0
2025-06-10,WEST,17.11,43345.0
2025-06-11,HOUSTON,41.88,47392.0
2025-06-11,NORTH,38.9,49666.0
2025-06-11,SOUTH,31.15,46231.0
2025-06-11,WEST,31.92,41854.0
2025-06-12,HOUSTON,41.12,45882.0
2025-06-12,NORTH,36.82,45075.0
2025-06-12,SOUTH,32.17,48607.0
2025-06-12,WEST,24.37,45798.0
2025-06-13,HOUSTON,32.25,45520.0
2025-06-13,NORTH,38.0,46472.0
2025-06-13,SOUTH,39.3,46192.0
2025-06-13,WEST,18.86,44472.0
2025-06-14,HOUSTON,47.91,44294.0
2025-06-14,NORTH,26.03,42596.0
2025-06-14,SOUTH,37.91,45832.0
2025-06-14,WEST,22.67,41520.0
2025-06-15,HOUSTON,43.19,44387.0
2025-06-15,NORTH,37.73,45548.0
2025-06-15,SOUTH,33.89,43493.0
2025-06-15,WEST,30.52,48476.0
2025-06-16,HOUSTON,44.45,46874.0
2025-06-16,NORTH,29.42,45325.0
2025-06-16,SOUTH,32.14,44367.0
2025-06-16,WEST,19.33,48126.0
2025-06-17,HOUSTON,41.87,45873.0
2025-06-17,NORTH,42.14,46794.0
2025-06-17,SOUTH,36.85,46134.0
2025-06-17,WEST,18.89,48634.0
2025-06-18,HOUSTON,53.1,45116.0
2025-06-18,NORTH,37.89,47211.0
2025-06-18,SOUTH,33.1,47781.0
2025-06-18,WEST,28.51,45716.0
2025-06-19,HOUSTON,42.94,47872.0
2025-06-19,NORTH,35.0,43391.0
2025-06-19,SOUTH,47.18,45078.0
2025-06-19,WEST,30.01,47223.0
2025-06-20,HOUSTON,34.02,47875.0
2025-06-20,NORTH,38.98,45548.0
2025-06-20,SOUTH,39.45,47176.0
2025-06-20,WEST,22.05,44223.0
2025-06-21,HOUSTON,48.59,45008.0
2025-06-21,NORTH,39.05,45243.0
2025-06-21,SOUTH,42.84,49053.0
2025-06-21,WEST,25.2,46761.0
2025-06-22,HOUSTON,47.48,44946.0
2025-06-22,NORTH,38.42,47501.0
2025-06-22,SOUTH,38.75,49684.0
2025-06-22,WEST,34.93,46927.0
2025-06-23,HOUSTON,37.47,50329.0
2025-06-23,NORTH,32.54,49755.0
2025-06-23,SOUTH,34.56,47651.0
2025-06-23,WEST,18.33,48333.0
2025-06-24,HOUSTON,37.18,47626.0
2025-06-24,NORTH,36.9,47174.0
2025-06-24,SOUTH,35.54,47722.0
2025-06-24,WEST,20.26,45012.0
2025-06-25,HOUSTON,33.01,45945.0
2025-06-25,NORTH,32.35,46230.0
2025-06-25,SOUTH,52.59,44962.0
2025-06-25,WEST,37.14,48616.0
2025-06-26,HOUSTON,44.79,48080.0
2025-06-26,NORTH,35.49,47960.0
2025-06-26,SOUTH,48.5,49048.0
2025-06-26,WEST,34.03,49551.0
2025-06-27,HOUSTON,42.25,49069.0
2025-06-27,NORTH,32.61,47147.0
2025-06-27,SOUTH,40.89,47599.0
2025-06-27,WEST,40.11,49366.0
2025-06-28,HOUSTON,47.58,46348.0
2025-06-28,NORTH,45.65,48533.0
2025-06-28,SOUTH,46.89,47041.0
2025-06-28,WEST,31.22,48965.0
2025-06-29,HOUSTON,52.95,46618.0
2025-06-29,NORTH,46.97,48150.0
2025-06-29,SOUTH,42.65,47176.0
2025-06-29,WEST,30.22,49850.0
2025-06-30,HOUSTON,43.92,48579.0
2025-06-30,NORTH,45.16,47020.0
2025-06-30,SOUTH,46.49,46015.0
2025-06-30,WEST,32.89,48913.0
2025-07-01,HOUSTON,37.82,48987.0
2025-07-01,NORTH,39.99,48802.0
2025-07-01,SOUTH,30.17,49610.0
2025-07-01,WEST,18.95,46921.0
2025-07-02,HOUSTON,51.72,47937.0
2025-07-02,NORTH,39.28,49959.0
2025-07-02,SOUTH,38.91,47952.0
2025-07-02,WEST,22.48,45499.0
2025-07-03,HOUSTON,42.38,48821.0
2025-07-03,NORTH,43.0,48098.0
2025-07-03,SOUTH,43.85,50050.0
2025-07-03,WEST,34.15,45326.0
2025-07-04,HOUSTON,52.29,47901.0
2025-07-04,NORTH,46.94,51513.0
2025-07-04,SOUTH,42.74,47697.0
2025-07-04,WEST,34.64,47637.0
2025-07-05,HOUSTON,47.66,47535.0
2025-07-05,NORTH,42.14,48432.0
2025-07-05,SOUTH,47.33,49632.0
2025-07-05,WEST,36.38,46428.0
2025-07-06,HOUSTON,40.8,48187.0
2025-07-06,NORTH,37.73,50065.0
2025-07-06,SOUTH,51.45,46937.0
2025-07-06,WEST,35.11,47853.0
2025-07-07,HOUSTON,51.36,48680.0
2025-07-07,NORTH,33.23,48789.0
2025-07-07,SOUTH,47.31,49737.0
2025-07-07,WEST,32.18,48325.0
2025-07-08,HOUSTON,38.4,48424.0
2025-07-08,NORTH,46.96,51380.0
2025-07-08,SOUTH,38.17,51624.0
2025-07-08,WEST,23.46,46689.0
2025-07-09,HOUSTON,54.67,49316.0
2025-07-09,NORTH,47.64,50275.0
2025-07-09,SOUTH,48.49,44690.0
2025-07-09,WEST,34.99,50317.0
2025-07-10,HOUSTON,30.1,47728.0
2025-07-10,NORTH,43.26,48451.0
2025-07-10,SOUTH,41.55,48425.0
2025-07-10,WEST,33.52,45911.0
2025-07-11,HOUSTON,51.67,48511.0
2025-07-11,NORTH,38.27,49678.0
2025-07-11,SOUTH,39.15,51194.0
2025-07-11,WEST,21.06,46865.0
2025-07-12,HOUSTON,48.6,47511.0
2025-07-12,NORTH,52.53,52082.0
2025-07-12,SOUTH,50.69,49160.0
2025-07-12,WEST,37.52,49345.0
2025-07-13,HOUSTON,38.57,48644.0
2025-07-13,NORTH,50.08,47638.0
2025-07-13,SOUTH,48.42,50761.0
2025-07-13,WEST,34.27,48653.0
2025-07-14,HOUSTON,53.93,49628.0
2025-07-14,NORTH,51.02,50765.0
2025-07-14,SOUTH,45.29,49823.0
2025-07-14,WEST,36.98,46248.0
2025-07-15,HOUSTON,43.5,47891.0
2025-07-15,NORTH,51.0,48624.0
2025-07-15,SOUTH,47.84,48273.0
2025-07-15,WEST,26.57,49639.0
2025-07-16,HOUSTON,57.04,50563.0
2025-07-16,NORTH,46.23,48310.0
2025-07-16,SOUTH,47.56,46855.0
2025-07-16,WEST,29.28,46777.0
2025-07-17,HOUSTON,53.24,51019.0
2025-07-17,NORTH,39.63,45335.0
2025-07-17,SOUTH,52.65,47276.0
2025-07-17,WEST,52.76,50364.0
2025-07-18,HOUSTON,46.14,49638.0
2025-07-18,NORTH,42.56,51731.0
2025-07-18,SOUTH,44.92,51036.0
2025-07-18,WEST,29.93,47569.0
2025-07-19,HOUSTON,58.23,47295.0
2025-07-19,NORTH,45.65,49036.0
2025-07-19,SOUTH,44.77,49379.0
2025-07-19,WEST,31.52,47153.0
2025-07-20,HOUSTON,49.46,49738.0
2025-07-20,NORTH,50.87,47313.0
2025-07-20,SOUTH,48.68,51075.0
2025-07-20,WEST,39.82,48380.0
2025-07-21,HOUSTON,36.98,48954.0
2025-07-21,NORTH,43.53,49167.0
2025-07-21,SOUTH,34.75,47336.0
2025-07-21,WEST,18.67,49947.0
2025-07-22,HOUSTON,398.32,50795.0
2025-07-22,NORTH,408.64,51803.0
2025-07-22,SOUTH,416.47,48850.0
2025-07-22,WEST,392.66,50488.0
2025-07-23,HOUSTON,47.03,49014.0
2025-07-23,NORTH,43.09,50933.0
2025-07-23,SOUTH,51.13,50203.0
2025-07-23,WEST,38.45,48157.0
2025-07-24,HOUSTON,39.42,51641.0
2025-07-24,NORTH,49.33,49390.0
2025-07-24,SOUTH,45.59,49138.0
2025-07-24,WEST,40.23,48752.0
2025-07-25,HOUSTON,54.17,49514.0
2025-07-25,NORTH,47.97,50145.0
2025-07-25,SOUTH,46.45,50833.0
2025-07-25,WEST,38.9,49712.0
2025-07-26,HOUSTON,48.41,48377.0
2025-07-26,NORTH,51.46,50067.0
2025-07-26,SOUTH,38.37,49480.0
2025-07-26,WEST,24.15,50379.0
2025-07-27,HOUSTON,52.73,54582.0
2025-07-27,NORTH,37.91,49440.0
2025-07-27,SOUTH,52.74,50019.0
2025-07-27,WEST,36.34,48620.0
2025-07-28,HOUSTON,46.36,52610.0
2025-07-28,NORTH,45.05,51895.0
2025-07-28,SOUTH,47.97,50723.0
2025-07-28,WEST,38.32,50875.0
2025-07-29,HOUSTON,41.12,51543.0
2025-07-29,NORTH,43.51,51178.0
2025-07-29,SOUTH,47.56,52930.0
2025-07-29,WEST,19.02,50100.0
2025-07-30,HOUSTON,53.86,50251.0
2025-07-30,NORTH,42.57,50232.0
2025-07-30,SOUTH,53.97,49362.0
2025-07-30,WEST,38.25,48471.0
2025-07-31,HOUSTON,40.33,50440.0
2025-07-31,NORTH,57.85,48942.0
2025-07-31,SOUTH,38.99,53631.0
2025-07-31,WEST,32.06,50864.0
2025-08-01,HOUSTON,44.49,50624.0
2025-08-01,NORTH,48.19,51046.0
2025-08-01,SOUTH,43.77,50115.0
2025-08-01,WEST,36.59,49823.0
2025-08-02,HOUSTON,47.16,54868.0
2025-08-02,NORTH,52.73,49366.0
2025-08-02,SOUTH,49.13,51363.0
2025-08-02,WEST,36.1,53958.0
2025-08-03,HOUSTON,45.33,54060.0
2025-08-03,NORTH,40.68,51399.0
2025-08-03,SOUTH,51.78,50037.0
2025-08-03,WEST,34.77,52622.0
2025-08-04,HOUSTON,46.02,48986.0
2025-08-04,NORTH,44.47,49706.0
2025-08-04,SOUTH,41.85,50732.0
2025-08-04,WEST,39.38,52030.0
2025-08-05,HOUSTON,49.91,51218.0
2025-08-05,NORTH,46.04,52400.0
2025-08-05,SOUTH,41.71,51661.0
2025-08-05,WEST,38.48,51069.0
2025-08-06,HOUSTON,50.24,52312.0
2025-08-06,NORTH,48.91,48851.0
2025-08-06,SOUTH,56.27,50668.0
2025-08-06,WEST,42.78,51813.0
2025-08-07,HOUSTON,48.52,51508.0
2025-08-07,NORTH,50.14,49314.0
2025-08-07,SOUTH,51.32,50058.0
2025-08-07,WEST,38.89,51919.0
2025-08-08,HOUSTON,53.8,48875.0
2025-08-08,NORTH,55.91,51128.0
2025-08-08,SOUTH,40.85,49145.0
2025-08-08,WEST,30.44,48667.0
2025-08-09,HOUSTON,61.24,50643.0
2025-08-09,NORTH,45.64,49668.0
2025-08-09,SOUTH,51.47,52669.0
2025-08-09,WEST,47.41,52382.0
2025-08-10,HOUSTON,49.13,51476.0
2025-08-10,NORTH,53.14,51351.0
2025-08-10,SOUTH,41.5,51805.0
2025-08-10,WEST,37.56,48603.0
2025-08-11,HOUSTON,58.73,51853.0
2025-08-11,NORTH,49.42,50809.0
2025-08-11,SOUTH,56.39,50140.0
2025-08-11,WEST,25.53,48925.0
2025-08-12,HOUSTON,49.14,51433.0
2025-08-12,NORTH,50.38,52655.0
2025-08-12,SOUTH,46.37,46606.0
2025-08-12,WEST,39.96,49362.0
2025-08-13,HOUSTON,56.18,53701.0
2025-08-13,NORTH,49.23,49085.0
2025-08-13,SOUTH,52.21,49560.0
2025-08-13,WEST,38.74,51033.0
2025-08-14,HOUSTON,49.03,50286.0
2025-08-14,NORTH,45.44,53416.0
2025-08-14,SOUTH,51.79,51523.0
2025-08-14,WEST,42.35,51814.0
2025-08-15,HOUSTON,51.7,49684.0
2025-08-15,NORTH,54.8,45594.0
2025-08-15,SOUTH,55.2,50829.0
2025-08-15,WEST,45.98,52626.0
2025-08-16,HOUSTON,53.58,50805.0
2025-08-16,NORTH,42.9,53062.0
2025-08-16,SOUTH,49.36,52516.0
2025-08-16,WEST,38.1,48622.0
2025-08-17,HOUSTON,48.86,48104.0
2025-08-17,NORTH,49.64,52492.0
2025-08-17,SOUTH,48.55,50852.0
2025-08-17,WEST,31.05,50145.0
2025-08-18,HOUSTON,61.17,52876.0
2025-08-18,NORTH,42.77,47130.0
2025-08-18,SOUTH,52.51,53265.0
2025-08-18,WEST,43.34,49484.0
2025-08-19,HOUSTON,47.64,51037.0
2025-08-19,NORTH,53.21,51248.0
2025-08-19,SOUTH,51.04,48247.0
2025-08-19,WEST,33.04,51555.0
2025-08-20,HOUSTON,41.31,49030.0
2025-08-20,NORTH,45.53,53948.0
2025-08-20,SOUTH,50.09,50893.0
2025-08-20,WEST,35.19,50368.0
2025-08-21,HOUSTON,45.45,49477.0
2025-08-21,NORTH,39.79,49232.0
2025-08-21,SOUTH,46.82,50945.0
2025-08-21,WEST,40.23,56292.0
2025-08-22,HOUSTON,54.62,49524.0
2025-08-22,NORTH,48.43,50895.0
2025-08-22,SOUTH,49.15,48762.0
2025-08-22,WEST,32.95,53288.0
2025-08-23,HOUSTON,52.1,51745.0
2025-08-23,NORTH,40.12,49744.0
2025-08-23,SOUTH,47.56,51047.0
2025-08-23,WEST,32.64,51374.0
2025-08-24,HOUSTON,73.04,49687.0
2025-08-24,NORTH,68.59,51827.0
2025-08-24,SOUTH,72.29,53339.0
2025-08-24,WEST,65.2,47573.0
2025-08-25,HOUSTON,60.11,50481.0
2025-08-25,NORTH,50.28,53923.0
2025-08-25,SOUTH,40.96,52211.0
2025-08-25,WEST,37.02,50949.0
2025-08-26,HOUSTON,48.5,53085.0
2025-08-26,NORTH,47.42,51471.0
2025-08-26,SOUTH,53.93,48171.0
2025-08-26,WEST,39.45,49685.0
2025-08-27,HOUSTON,48.57,50870.0
2025-08-27,NORTH,39.72,53873.0
2025-08-27,SOUTH,43.94,49205.0
2025-08-27,WEST,34.29,51289.0
2025-08-28,HOUSTON,51.58,54914.0
2025-08-28,NORTH,55.33,52197.0
2025-08-28,SOUTH,46.21,50609.0
2025-08-28,WEST,35.4,49964.0
2025-08-29,HOUSTON,51.02,52016.0
2025-08-29,NORTH,36.96,50030.0
2025-08-29,SOUTH,46.57,52925.0
2025-08-29,WEST,32.13,50174.0
2025-08-30,HOUSTON,44.24,49479.0
2025-08-30,NORTH,44.04,51695.0
2025-08-30,SOUTH,46.83,50455.0
2025-08-30,WEST,37.01,46757.0
2025-08-31,HOUSTON,42.16,50982.0
2025-08-31,NORTH,38.53,50301.0
2025-08-31,SOUTH,41.3,50103.0
2025-08-31,WEST,34.62,49519.0
2025-09-01,HOUSTON,56.33,52879.0
2025-09-01,NORTH,43.94,51855.0
2025-09-01,SOUTH,50.97,50409.0
2025-09-01,WEST,34.83,52601.0
2025-09-02,HOUSTON,48.1,52277.0
2025-09-02,NORTH,46.85,49346.0
2025-09-02,SOUTH,53.15,49414.0
2025-09-02,WEST,31.57,50408.0
2025-09-03,HOUSTON,47.08,52499.0
2025-09-03,NORTH,52.16,48818.0
2025-09-03,SOUTH,52.0,46347.0
2025-09-03,WEST,53.14,51362.0
2025-09-04,HOUSTON,89.23,49885.0
2025-09-04,NORTH,89.85,52960.0
2025-09-04,SOUTH,101.09,49066.0
2025-09-04,WEST,86.07,50708.0
2025-09-05,HOUSTON,42.25,48180.0
2025-09-05,NORTH,46.58,52613.0
2025-09-05,SOUTH,55.65,51742.0
2025-09-05,WEST,30.09,49231.0
2025-09-06,HOUSTON,61.44,47535.0
2025-09-06,NORTH,48.41,50491.0
2025-09-06,SOUTH,48.73,50271.0
2025-09-06,WEST,24.93,52883.0
2025-09-07,HOUSTON,54.69,50900.0
2025-09-07,NORTH,57.35,52835.0
2025-09-07,SOUTH,50.66,53662.0
2025-09-07,WEST,40.3,47966.0
2025-09-08,HOUSTON,57.91,49660.0
2025-09-08,NORTH,45.4,48381.0
2025-09-08,SOUTH,54.3,50470.0
2025-09-08,WEST,34.53,52264.0
2025-09-09,HOUSTON,58.24,50221.0
2025-09-09,NORTH,38.99,50511.0
2025-09-09,SOUTH,47.68,49572.0
2025-09-09,WEST,30.11,50059.0
2025-09-10,HOUSTON,43.89,50898.0
2025-09-10,NORTH,47.07,50665.0
2025-09-10,SOUTH,48.51,49716.0
2025-09-10,WEST,37.72,49989.0
2025-09-11,HOUSTON,55.02,50697.0
2025-09-11,NORTH,46.3,52828.0
2025-09-11,SOUTH,49.21,48279.0
2025-09-11,WEST,29.02,48133.0
2025-09-12,HOUSTON,44.8,47425.0
2025-09-12,NORTH,50.65,49977.0
2025-09-12,SOUTH,46.15,51513.0
2025-09-12,WEST,45.5,52377.0
2025-09-13,HOUSTON,43.37,52426.0
2025-09-13,NORTH,45.15,49329.0
2025-09-13,SOUTH,36.92,52268.0
2025-09-13,WEST,33.53,49111.0
2025-09-14,HOUSTON,49.71,47577.0
2025-09-14,NORTH,41.29,49280.0
2025-09-14,SOUTH,44.41,53208.0
2025-09-14,WEST,25.73,49501.0
2025-09-15,HOUSTON,43.08,52806.0
2025-09-15,NORTH,53.22,47070.0
2025-09-15,SOUTH,63.96,50271.0
2025-09-15,WEST,21.96,50185.0
2025-09-16,HOUSTON,40.13,52075.0
2025-09-16,NORTH,42.53,50601.0
2025-09-16,SOUTH,53.41,47980.0
2025-09-16,WEST,44.85,52687.0
2025-09-17,HOUSTON,48.56,47900.0
2025-09-17,NORTH,32.86,51096.0
2025-09-17,SOUTH,42.04,48556.0
2025-09-17,WEST,29.19,48943.0
2025-09-18,HOUSTON,42.08,49012.0
2025-09-18,NORTH,44.51,51560.0
2025-09-18,SOUTH,45.1,48804.0
2025-09-18,WEST,30.3,46070.0
2025-09-19,HOUSTON,46.11,48145.0
2025-09-19,NORTH,45.47,48780.0
2025-09-19,SOUTH,46.15,45279.0
2025-09-19,WEST,34.24,46082.0
2025-09-20,HOUSTON,43.19,51599.0
2025-09-20,NORTH,46.43,49836.0
2025-09-20,SOUTH,36.41,48884.0
2025-09-20,WEST,26.33,47154.0
2025-09-21,HOUSTON,48.38,49243.0
2025-09-21,NORTH,47.51,50945.0
2025-09-21,SOUTH,39.77,50376.0
2025-09-21,WEST,23.18,48820.0
2025-09-22,HOUSTON,46.73,48693.0
2025-09-22,NORTH,43.55,51813.0
2025-09-22,SOUTH,50.47,48127.0
2025-09-22,WEST,26.72,47597.0
2025-09-23,HOUSTON,55.68,48520.0
2025-09-23,NORTH,41.84,50263.0
2025-09-23,SOUTH,46.76,47983.0
2025-09-23,WEST,33.44,47209.0
2025-09-24,HOUSTON,50.76,46705.0
2025-09-24,NORTH,49.79,49113.0
2025-09-24,SOUTH,36.2,47283.0
2025-09-24,WEST,31.43,50793.0
2025-09-25,HOUSTON,41.42,47073.0
2025-09-25,NORTH,31.14,51630.0
2025-09-25,SOUTH,42.33,51331.0
2025-09-25,WEST,25.23,52703.0
2025-09-26,HOUSTON,28.58,47676.0
2025-09-26,NORTH,47.56,50486.0
2025-09-26,SOUTH,41.16,48063.0
2025-09-26,WEST,28.34,50312.0
2025-09-27,HOUSTON,41.94,48789.0
2025-09-27,NORTH,48.65,46592.0
2025-09-27,SOUTH,40.77,49036.0
2025-09-27,WEST,41.2,49556.0
2025-09-28,HOUSTON,47.03,49758.0
2025-09-28,NORTH,42.34,48807.0
2025-09-28,SOUTH,45.22,50415.0
2025-09-28,WEST,37.77,47466.0
2025-09-29,HOUSTON,46.43,48416.0
2025-09-29,NORTH,43.58,47568.0
2025-09-29,SOUTH,32.17,48029.0
2025-09-29,WEST,27.71,49118.0
2025-09-30,HOUSTON,45.6,47078.0
2025-09-30,NORTH,38.77,51934.0
2025-09-30,SOUTH,44.14,47884.0
2025-09-30,WEST,31.93,49628.0
2025-10-01,HOUSTON,50.22,51903.0
2025-10-01,NORTH,50.46,47550.0
2025-10-01,SOUTH,44.41,50185.0
2025-10-01,WEST,29.33,48236.0
2025-10-02,HOUSTON,32.99,49713.0
2025-10-02,NORTH,41.15,48546.0
2025-10-02,SOUTH,45.4,47759.0
2025-10-02,WEST,32.85,48562.0
2025-10-03,HOUSTON,45.86,44897.0
2025-10-03,NORTH,38.61,47890.0
2025-10-03,SOUTH,44.89,47488.0
2025-10-03,WEST,43.99,46819.0
2025-10-04,HOUSTON,36.98,45314.0
2025-10-04,NORTH,41.41,47734.0
2025-10-04,SOUTH,47.51,49032.0
2025-10-04,WEST,25.7,49650.0
2025-10-05,HOUSTON,41.06,48355.0
2025-10-05,NORTH,33.39,48567.0
2025-10-05,SOUTH,43.7,49155.0
2025-10-05,WEST,32.36,46176.0
2025-10-06,HOUSTON,47.12,49243.0
2025-10-06,NORTH,47.21,48992.0
2025-10-06,SOUTH,45.4,46870.0
2025-10-06,WEST,29.54,50994.0
2025-10-07,HOUSTON,37.26,48472.0
2025-10-07,NORTH,48.78,46946.0
2025-10-07,SOUTH,40.67,48390.0
2025-10-07,WEST,30.66,48105.0
2025-10-08,HOUSTON,41.86,47452.0
2025-10-08,NORTH,40.54,46822.0
2025-10-08,SOUTH,37.53,51626.0
2025-10-08,WEST,27.87,46352.0
2025-10-09,HOUSTON,37.52,46582.0
2025-10-09,NORTH,34.9,45766.0
2025-10-09,SOUTH,35.52,48620.0
2025-10-09,WEST,21.65,48892.0
2025-10-10,HOUSTON,41.35,46876.0
2025-10-10,NORTH,41.83,48903.0
2025-10-10,SOUTH,34.86,47727.0
2025-10-10,WEST,23.25,46712.0
2025-10-11,HOUSTON,35.76,46799.0
2025-10-11,NORTH,38.63,47162.0
2025-10-11,SOUTH,33.18,49194.0
2025-10-11,WEST,12.81,46149.0
2025-10-12,HOUSTON,30.26,46305.0
2025-10-12,NORTH,51.13,46933.0
2025-10-12,SOUTH,41.26,48535.0
2025-10-12,WEST,19.27,48779.0
2025-10-13,HOUSTON,52.86,45719.0
2025-10-13,NORTH,40.38,48686.0
2025-10-13,SOUTH,38.53,49360.0
2025-10-13,WEST,23.91,49215.0
2025-10-14,HOUSTON,54.39,47841.0
2025-10-14,NORTH,43.0,47675.0
2025-10-14,SOUTH,38.74,48784.0
2025-10-14,WEST,31.94,44159.0
2025-10-15,HOUSTON,38.55,48133.0
2025-10-15,NORTH,33.67,48903.0
2025-10-15,SOUTH,43.73,49685.0
2025-10-15,WEST,32.01,46438.0
2025-10-16,HOUSTON,42.45,45186.0
2025-10-16,NORTH,39.46,48273.0
2025-10-16,SOUTH,38.44,48393.0
2025-10-16,WEST,25.72,50595.0
2025-10-17,HOUSTON,48.39,47077.0
2025-10-17,NORTH,40.65,44939.0
2025-10-17,SOUTH,45.89,46683.0
2025-10-17,WEST,21.29,45743.0
2025-10-18,HOUSTON,43.07,47330.0
2025-10-18,NORTH,38.07,49264.0
2025-10-18,SOUTH,35.64,47435.0
2025-10-18,WEST,17.34,45424.0
2025-10-19,HOUSTON,39.91,43347.0
2025-10-19,NORTH,44.39,47345.0
2025-10-19,SOUTH,31.31,45466.0
2025-10-19,WEST,13.93,44739.0
2025-10-20,HOUSTON,36.28,47166.0
2025-10-20,NORTH,36.33,45352.0
2025-10-20,SOUTH,33.14,46284.0
2025-10-20,WEST,25.42,41390.0
2025-10-21,HOUSTON,34.37,44891.0
2025-10-21,NORTH,31.72,45671.0
2025-10-21,SOUTH,37.43,48484.0
2025-10-21,WEST,28.66,46815.0
2025-10-22,HOUSTON,43.12,46809.0
2025-10-22,NORTH,31.14,48450.0
2025-10-22,SOUTH,27.58,44724.0
2025-10-22,WEST,23.77,45496.0
2025-10-23,HOUSTON,35.69,48505.0
2025-10-23,NORTH,37.97,42426.0
2025-10-23,SOUTH,34.18,46067.0
2025-10-23,WEST,16.57,46489.0
2025-10-24,HOUSTON,41.46,45956.0
2025-10-24,NORTH,36.75,47035.0
2025-10-24,SOUTH,37.75,43940.0
2025-10-24,WEST,16.51,48745.0
2025-10-25,HOUSTON,47.65,47867.0
2025-10-25,NORTH,40.36,44921.0
2025-10-25,SOUTH,33.74,42467.0
2025-10-25,WEST,34.17,47475.0
2025-10-26,HOUSTON,38.0,42660.0
2025-10-26,NORTH,35.38,45793.0
2025-10-26,SOUTH,37.26,46997.0
2025-10-26,WEST,25.84,47149.0
2025-10-27,HOUSTON,25.28,45348.0
2025-10-27,NORTH,34.47,41641.0
2025-10-27,SOUTH,41.15,46403.0
2025-10-27,WEST,19.97,42272.0
2025-10-28,HOUSTON,43.09,45029.0
2025-10-28,NORTH,35.73,45764.0
2025-10-28,SOUTH,40.47,42915.0
2025-10-28,WEST,29.17,40896.0
2025-10-29,HOUSTON,47.44,48042.0
2025-10-29,NORTH,38.06,45488.0
2025-10-29,SOUTH,34.1,44146.0
2025-10-29,WEST,23.31,46851.0
2025-10-30,HOUSTON,31.72,45296.0
2025-10-30,NORTH,37.82,50386.0
2025-10-30,SOUTH,30.88,43159.0
2025-10-30,WEST,10.92,45664.0
2025-10-31,HOUSTON,38.71,43342.0
2025-10-31,NORTH,31.47,45178.0
2025-10-31,SOUTH,38.19,46005.0
2025-10-31,WEST,23.59,46405.0
2025-11-01,HOUSTON,36.7,44721.0
2025-11-01,NORTH,37.17,44858.0
2025-11-01,SOUTH,30.4,46177.0
2025-11-01,WEST,23.38,45946.0
2025-11-02,HOUSTON,45.58,45711.0
2025-11-02,NORTH,33.87,44722.0
2025-11-02,SOUTH,32.1,45437.0
2025-11-02,WEST,30.23,46563.0
2025-11-03,HOUSTON,34.43,43462.0
2025-11-03,NORTH,30.44,43234.0
2025-11-03,SOUTH,27.26,45565.0
2025-11-03,WEST,15.78,47203.0
2025-11-04,HOUSTON,37.54,44414.0
2025-11-04,NORTH,32.19,45935.0
2025-11-04,SOUTH,27.75,44619.0
2025-11-04,WEST,25.89,47088.0
2025-11-05,HOUSTON,31.96,42712.0
2025-11-05,NORTH,29.44,42013.0
2025-11-05,SOUTH,26.97,47974.0
2025-11-05,WEST,25.38,44038.0
2025-11-06,HOUSTON,42.84,42643.0
2025-11-06,NORTH,33.95,45067.0
2025-11-06,SOUTH,33.39,41956.0
2025-11-06,WEST,22.61,46408.0
2025-11-07,HOUSTON,40.93,42096.0
2025-11-07,NORTH,34.49,43359.0
2025-11-07,SOUTH,20.74,44148.0
2025-11-07,WEST,20.17,42461.0
2025-11-08,HOUSTON,35.41,43687.0
2025-11-08,NORTH,36.77,43496.0
2025-11-08,SOUTH,41.2,46872.0
2025-11-08,WEST,19.94,44259.0
2025-11-09,HOUSTON,46.58,46352.0
2025-11-09,NORTH,33.82,42440.0
2025-11-09,SOUTH,38.54,44706.0
2025-11-09,WEST,18.58,41916.0
2025-11-10,HOUSTON,33.39,41485.0
2025-11-10,NORTH,28.53,42225.0
2025-11-10,SOUTH,35.3,44198.0
2025-11-10,WEST,20.27,45694.0
2025-11-11,HOUSTON,23.41,43319.0
2025-11-11,NORTH,38.73,47485.0
2025-11-11,SOUTH,35.37,44932.0
2025-11-11,WEST,23.73,44218.0
2025-11-12,HOUSTON,37.87,43921.0
2025-11-12,NORTH,34.59,45756.0
2025-11-12,SOUTH,35.96,44438.0
2025-11-12,WEST,18.11,43053.0
2025-11-13,HOUSTON,38.07,42199.0
2025-11-13,NORTH,34.0,46133.0
2025-11-13,SOUTH,36.93,42658.0
2025-11-13,WEST,13.9,42632.0
2025-11-14,HOUSTON,22.03,42703.0
2025-11-14,NORTH,27.69,42548.0
2025-11-14,SOUTH,35.45,46751.0
2025-11-14,WEST,15.52,43898.0
2025-11-15,HOUSTON,31.1,44597.0
2025-11-15,NORTH,29.67,43251.0
2025-11-15,SOUTH,15.96,40298.0
2025-11-15,WEST,15.8,46380.0
2025-11-16,HOUSTON,33.16,41246.0
2025-11-16,NORTH,30.07,42770.0
2025-11-16,SOUTH,30.67,44584.0
2025-11-16,WEST,15.77,46420.0
2025-11-17,HOUSTON,29.35,41336.0
2025-11-17,NORTH,25.19,42232.0
2025-11-17,SOUTH,38.22,41260.0
2025-11-17,WEST,17.63,39982.0
2025-11-18,HOUSTON,28.34,41716.0
2025-11-18,NORTH,21.8,44638.0
2025-11-18,SOUTH,40.75,44986.0
2025-11-18,WEST,6.86,43633.0
2025-11-19,HOUSTON,25.84,41486.0
2025-11-19,NORTH,29.96,43752.0
2025-11-19,SOUTH,28.86,43137.0
2025-11-19,WEST,19.47,45307.0
2025-11-20,HOUSTON,33.3,46166.0
2025-11-20,NORTH,28.31,41462.0
2025-11-20,SOUTH,25.97,41618.0
2025-11-20,WEST,30.49,45037.0
2025-11-21,HOUSTON,38.83,42595.0
2025-11-21,NORTH,17.48,42562.0
2025-11-21,SOUTH,26.8,44994.0
2025-11-21,WEST,22.84,44631.0
2025-11-22,HOUSTON,24.56,45466.0
2025-11-22,NORTH,29.68,40990.0
2025-11-22,SOUTH,25.81,39070.0
2025-11-22,WEST,12.57,40778.0
2025-11-23,HOUSTON,35.84,43162.0
2025-11-23,NORTH,38.25,41004.0
2025-11-23,SOUTH,25.95,45019.0
2025-11-23,WEST,6.08,42531.0
2025-11-24,HOUSTON,22.68,45540.0
2025-11-24,NORTH,31.26,43323.0
2025-11-24,SOUTH,29.3,44913.0
2025-11-24,WEST,14.52,45632.0
2025-11-25,HOUSTON,31.62,41579.0
2025-11-25,NORTH,30.26,44120.0
2025-11-25,SOUTH,32.87,41245.0
2025-11-25,WEST,13.95,42525.0
2025-11-26,HOUSTON,30.15,44380.0
2025-11-26,NORTH,30.12,42637.0
2025-11-26,SOUTH,31.55,42717.0
2025-11-26,WEST,15.97,41537.0
2025-11-27,HOUSTON,27.42,41646.0
2025-11-27,NORTH,33.49,43181.0
2025-11-27,SOUTH,33.97,44514.0
2025-11-27,WEST,9.14,40704.0
2025-11-28,HOUSTON,28.05,42136.0
2025-11-28,NORTH,29.27,43161.0
2025-11-28,SOUTH,28.17,44615.0
2025-11-28,WEST,9.09,44394.0
2025-11-29,HOUSTON,34.67,40556.0
2025-11-29,NORTH,32.45,46496.0
2025-11-29,SOUTH,28.55,45610.0
2025-11-29,WEST,19.5,45883.0
2025-11-30,HOUSTON,33.84,40992.0
2025-11-30,NORTH,30.29,40742.0
2025-11-30,SOUTH,33.58,42512.0
2025-11-30,WEST,13.04,44380.0
2025-12-01,HOUSTON,37.72,42871.0
2025-12-01,NORTH,29.16,42851.0
2025-12-01,SOUTH,26.5,40023.0
2025-12-01,WEST,22.35,42062.0
2025-12-02,HOUSTON,40.97,42225.0
2025-12-02,NORTH,30.72,42579.0
2025-12-02,SOUTH,27.96,42331.0
2025-12-02,WEST,7.32,45323.0
2025-12-03,HOUSTON,40.26,43066.0
2025-12-03,NORTH,22.8,42885.0
2025-12-03,SOUTH,33.4,41945.0
2025-12-03,WEST,2.93,41864.0
2025-12-04,HOUSTON,32.01,43280.0
2025-12-04,NORTH,18.88,43995.0
2025-12-04,SOUTH,23.7,43746.0
2025-12-04,WEST,17.73,42168.0
2025-12-05,HOUSTON,36.29,41163.0
2025-12-05,NORTH,25.8,41671.0
2025-12-05,SOUTH,32.3,40553.0
2025-12-05,WEST,7.77,44741.0
2025-12-06,HOUSTON,44.7,41066.0
2025-12-06,NORTH,27.28,44386.0
2025-12-06,SOUTH,19.74,43604.0
2025-12-06,WEST,8.9,44464.0
2025-12-07,HOUSTON,26.31,41995.0
2025-12-07,NORTH,24.89,40825.0
2025-12-07,SOUTH,23.11,45138.0
2025-12-07,WEST,19.09,44238.0
2025-12-08,HOUSTON,20.61,43421.0
2025-12-08,NORTH,26.66,42350.0
2025-12-08,SOUTH,23.17,41457.0
2025-12-08,WEST,11.27,44045.0
2025-12-09,HOUSTON,29.88,43410.0
2025-12-09,NORTH,29.14,46009.0
2025-12-09,SOUTH,25.5,41624.0
2025-12-09,WEST,19.17,41969.0
2025-12-10,HOUSTON,39.72,41154.0
2025-12-10,NORTH,30.74,42041.0
2025-12-10,SOUTH,24.56,40186.0
2025-12-10,WEST,9.52,42726.0
2025-12-11,HOUSTON,30.78,41012.0
2025-12-11,NORTH,29.79,42954.0
2025-12-11,SOUTH,27.64,41901.0
2025-12-11,WEST,14.55,42694.0
2025-12-12,HOUSTON,25.96,43233.0
2025-12-12,NORTH,22.95,43211.0
2025-12-12,SOUTH,31.03,44084.0
2025-12-12,WEST,16.77,41241.0
2025-12-13,HOUSTON,32.98,38747.0
2025-12-13,NORTH,24.99,42391.0
2025-12-13,SOUTH,37.56,41002.0
2025-12-13,WEST,20.34,41510.0
2025-12-14,HOUSTON,35.95,42804.0
2025-12-14,NORTH,34.1,46168.0
2025-12-14,SOUTH,35.94,39147.0
2025-12-14,WEST,18.7,43891.0
2025-12-15,HOUSTON,27.08,40635.0
2025-12-15,NORTH,18.38,43068.0
2025-12-15,SOUTH,29.38,37128.0
2025-12-15,WEST,10.96,42520.0
2025-12-16,HOUSTON,39.45,39520.0
2025-12-16,NORTH,25.61,41109.0
2025-12-16,SOUTH,30.65,41964.0
2025-12-16,WEST,11.28,40419.0
2025-12-17,HOUSTON,24.17,40866.0
2025-12-17,NORTH,34.66,43330.0
2025-12-17,SOUTH,23.65,40699.0
2025-12-17,WEST,19.81,41088.0
2025-12-18,HOUSTON,36.25,41569.0
2025-12-18,NORTH,29.62,42972.0
2025-12-18,SOUTH,34.15,43624.0
2025-12-18,WEST,20.67,40328.0
2025-12-19,HOUSTON,35.13,41557.0
2025-12-19,NORTH,27.11,40869.0
2025-12-19,SOUTH,25.61,42770.0
2025-12-19,WEST,20.23,39681.0
2025-12-20,HOUSTON,30.22,40929.0
2025-12-20,NORTH,28.1,42516.0
2025-12-20,SOUTH,30.73,41381.0
2025-12-20,WEST,3.85,42937.0
2025-12-21,HOUSTON,32.7,42727.0
2025-12-21,NORTH,18.23,41751.0
2025-12-21,SOUTH,20.7,45345.0
2025-12-21,WEST,2.85,42842.0
2025-12-22,HOUSTON,34.37,43207.0
2025-12-22,NORTH,12.62,41070.0
2025-12-22,SOUTH,25.34,41104.0
2025-12-22,WEST,14.18,41953.0
2025-12-23,HOUSTON,28.71,41301.0
2025-12-23,NORTH,29.32,43249.0
2025-12-23,SOUTH,34.53,40975.0
2025-12-23,WEST,6.27,39227.0
2025-12-24,HOUSTON,26.68,44199.0
2025-12-24,NORTH,22.27,42309.0
2025-12-24,SOUTH,33.11,43252.0
2025-12-24,WEST,10.41,41210.0
2025-12-25,HOUSTON,35.4,44380.0
2025-12-25,NORTH,17.15,43404.0
2025-12-25,SOUTH,28.63,38892.0
2025-12-25,WEST,14.04,38680.0
2025-12-26,HOUSTON,28.94,42819.0
2025-12-26,NORTH,18.15,43832.0
2025-12-26,SOUTH,40.06,46203.0
2025-12-26,WEST,11.51,42118.0
2025-12-27,HOUSTON,25.45,42615.0
2025-12-27,NORTH,25.79,39665.0
2025-12-27,SOUTH,30.01,41493.0
2025-12-27,WEST,14.55,41384.0
2025-12-28,HOUSTON,37.57,44565.0
2025-12-28,NORTH,25.45,39463.0
2025-12-28,SOUTH,24.21,43683.0
2025-12-28,WEST,24.75,42156.0
2025-12-29,HOUSTON,27.93,47031.0
2025-12-29,NORTH,22.34,40221.0
2025-12-29,SOUTH,23.37,41756.0
2025-12-29,WEST,5.91,39807.0
2025-12-30,HOUSTON,31.23,43277.0
2025-12-30,NORTH,31.48,41494.0
2025-12-30,SOUTH,25.13,41060.0
2025-12-30,WEST,14.26,45068.0
2025-12-31,HOUSTON,31.68,44693.0
2025-12-31,NORTH,31.28,40426.0
2025-12-31,SOUTH,33.05,40079.0
2025-12-31,WEST,8.7,43424.0
